agent,seed,phase,local_episode,cumulative_episode,reward,steps,selected_regions,classification_loss,optimization_loss
DQN,55,early,1,1,-0.318548595905304,10.0,6.0,0.8366365432739258,nan
DQN,55,early,2,2,0.09000000000000001,1.0,1.0,0.6715108752250671,nan
DQN,55,early,3,3,0.09000000000000001,1.0,1.0,0.8710407614707947,nan
DQN,55,early,4,4,-0.42356462478637696,10.0,4.0,0.8595256209373474,nan
DQN,55,early,5,5,0.09000000000000001,1.0,1.0,0.5964369773864746,nan
DQN,55,early,6,6,-0.2812743091583252,4.0,3.0,0.7814075350761414,nan
DQN,55,early,7,7,-0.1460528254508972,5.0,3.0,0.7791595458984375,nan
DQN,55,early,8,8,0.21328870177268983,3.0,3.0,0.3120839297771454,nan
DQN,55,early,9,9,0.0701624917984009,2.0,2.0,0.47242847084999084,nan
DQN,55,early,10,10,0.09000000000000001,1.0,1.0,0.3111875355243683,nan
DQN,55,early,11,11,-0.23975722789764403,5.0,3.0,0.8101200461387634,nan
DQN,55,early,12,12,0.07141199171543122,4.0,3.0,0.2381676286458969,nan
DQN,55,early,13,13,-0.1773088824748993,7.0,4.0,0.3599162697792053,nan
DQN,55,early,14,14,0.1447308111190796,7.0,4.0,0.8070415258407593,nan
DQN,55,early,15,15,-0.14386870980262756,7.0,4.0,0.2137352079153061,0.003933362243697047
DQN,55,early,16,16,0.08160454273223877,6.0,4.0,0.4348115921020508,0.0007772121850090722
DQN,55,early,17,17,-0.18399082660675048,4.0,3.0,0.5090578198432922,0.0003567613639461342
DQN,55,early,18,18,0.18045616626739502,7.0,4.0,1.2526257038116455,0.0005390682282658028
DQN,55,early,19,19,0.030211110115051273,3.0,2.0,0.5459983944892883,0.00028932834781395894
DQN,55,early,20,20,0.09000000000000001,1.0,1.0,0.45491716265678406,0.00022836204152554274
DQN,55,early,21,21,-0.23332924127578736,8.0,5.0,0.7172776460647583,0.00016181779483304126
DQN,55,early,22,22,-0.004568924903869634,4.0,3.0,0.6485872268676758,0.00012149861504440196
DQN,55,early,23,23,0.01752220273017885,2.0,2.0,0.4289383292198181,0.00012893274833913893
DQN,55,early,24,24,0.01918131828308106,3.0,3.0,1.13056480884552,0.00012665443500736728
DQN,55,early,25,25,0.38066052079200746,2.0,2.0,0.2979508936405182,0.0007968964928295463
DQN,55,early,26,26,-0.17505711793899537,8.0,5.0,0.8130151033401489,0.0002817651093209861
DQN,55,early,27,27,0.09000000000000001,1.0,1.0,0.16884967684745789,0.0002021886029979214
DQN,55,early,28,28,-0.2775983095169067,5.0,3.0,0.8481044769287109,0.0005087240861030295
DQN,55,early,29,29,-0.5158530443906785,10.0,4.0,0.21127386391162872,0.0002918204481829889
DQN,55,early,30,30,0.06554765462875367,4.0,3.0,0.8847343325614929,0.00023238516223500483
DQN,55,early,31,31,-0.01480824321508406,2.0,2.0,0.21108482778072357,0.00019085888925474137
DQN,55,early,32,32,-0.04158596754074097,6.0,3.0,0.5793002843856812,0.00014595570367722152
DQN,55,early,33,33,-0.10432624578475953,6.0,4.0,0.654504120349884,0.00020429250920036188
DQN,55,early,34,34,-0.593544614315033,10.0,4.0,0.6935892105102539,0.00011486513612908311
DQN,55,early,35,35,-0.23002444505691522,10.0,4.0,0.687798798084259,0.00016235017537837848
DQN,55,early,36,36,-0.16489343404769896,6.0,3.0,0.22769387066364288,0.00020326994611726454
DQN,55,early,37,37,0.09000000000000001,1.0,1.0,0.2022470384836197,0.0002359759237151593
DQN,55,early,38,38,0.09000000000000001,1.0,1.0,1.2035571336746216,0.0001310655934503302
DQN,55,early,39,39,-0.2554664254188538,10.0,5.0,0.8894991278648376,0.0001868605089839548
DQN,55,early,40,40,-0.06671109199523928,10.0,5.0,0.7752655744552612,0.0008471833541989326
DQN,55,early,41,41,0.01171310424804689,2.0,2.0,0.9302607774734497,0.0007667856116313487
DQN,55,early,42,42,-0.0015660130977630526,4.0,3.0,0.2500799298286438,0.00048325124225812033
DQN,55,early,43,43,-0.16027396202087402,8.0,4.0,0.8568862080574036,0.0003562096935638692
DQN,55,early,44,44,0.09588381826877596,2.0,2.0,0.2092425525188446,0.0003041132222278975
DQN,55,early,45,45,0.09000000000000001,1.0,1.0,1.0546036958694458,0.00029157736571505666
DQN,55,early,46,46,0.09000000000000001,1.0,1.0,0.25237369537353516,0.000339309626724571
DQN,55,early,47,47,-0.03347973823547362,5.0,3.0,0.40144971013069153,0.00030315816111396997
DQN,55,early,48,48,-0.07170440793037415,4.0,3.0,0.5151883959770203,0.000399900643969886
DQN,55,early,49,49,-0.36215647459030154,10.0,5.0,0.543370246887207,0.00036531586083583535
DQN,55,early,50,50,0.08134614109992983,2.0,2.0,0.4533025622367859,0.00027137212600791827
DQN,55,early,51,51,0.09000000000000001,1.0,1.0,0.09940706938505173,0.00018990754324477166
DQN,55,early,52,52,0.10596884965896608,2.0,2.0,0.651986300945282,0.00022344564786180854
DQN,55,early,53,53,0.06836421966552736,2.0,2.0,0.6069779396057129,0.00017019252118188888
DQN,55,early,54,54,0.10786552906036379,2.0,2.0,0.777628481388092,0.00018169981194660068
DQN,55,early,55,55,0.22446292638778687,5.0,4.0,0.5199639201164246,0.0004290100827347487
DQN,55,early,56,56,-0.382406747341156,10.0,6.0,0.19913813471794128,0.0004032582241052296
DQN,55,early,57,57,0.00613611608743668,3.0,2.0,0.09585738182067871,0.00024622512864880264
DQN,55,early,58,58,-0.21019505500793456,9.0,4.0,0.8192425966262817,0.001255643486122911
DQN,55,early,59,59,-0.009386944770812991,5.0,3.0,0.6231512427330017,0.0004766450205352157
DQN,55,early,60,60,0.1676724123954773,2.0,2.0,0.9403758645057678,0.0003194967721356079
DQN,55,early,61,61,0.09000000000000001,1.0,1.0,0.7418504953384399,0.00044005096424371004
DQN,55,early,62,62,-0.4787460952997208,10.0,5.0,0.25007906556129456,0.00039792383468011393
DQN,55,early,63,63,0.04558535099029542,2.0,2.0,1.1015886068344116,0.00037638524372596294
DQN,55,early,64,64,0.09000000000000001,1.0,1.0,0.13063018023967743,0.0004394015995785594
DQN,55,early,65,65,0.09000000000000001,1.0,1.0,0.8031129837036133,0.0002547299081925303
DQN,55,early,66,66,0.09000000000000001,1.0,1.0,0.6273812055587769,0.00036948523484170437
DQN,55,early,67,67,-0.04404249072074888,3.0,3.0,0.43462127447128296,0.0002462933868325005
DQN,55,early,68,68,-0.01506910502910612,3.0,3.0,0.24222628772258759,0.00033171398293537396
DQN,55,early,69,69,-0.132831449508667,7.0,4.0,0.18157699704170227,0.00023538312962045893
DQN,55,early,70,70,-0.05498153686523437,7.0,5.0,0.5348169207572937,0.0001726183233716126
DQN,55,early,71,71,-0.11480899453163149,10.0,7.0,0.46660974621772766,0.00029916926723672077
DQN,55,early,72,72,0.18327768325805666,2.0,2.0,1.2750669717788696,0.0003410295903449878
DQN,55,early,73,73,0.09000000000000001,1.0,1.0,0.4369843602180481,0.0002280889020767063
DQN,55,early,74,74,-0.023634086847305294,3.0,2.0,0.4257585108280182,0.0003162507782690227
DQN,55,early,75,75,0.10540617465972901,4.0,3.0,0.5081323385238647,0.00033223501304746605
DQN,55,early,76,76,0.09000000000000001,1.0,1.0,0.9036924242973328,0.0005351431900635362
DQN,55,early,77,77,-0.6548653304576875,10.0,6.0,0.743688702583313,0.0002614371434901841
DQN,55,early,78,78,0.06903350055217744,5.0,3.0,0.16925792396068573,0.00040925106150098146
DQN,55,early,79,79,0.04476253867149354,2.0,2.0,0.09848546236753464,0.00035443865635897964
DQN,55,early,80,80,0.10821916341781618,2.0,2.0,0.34172335267066956,0.00016420164320152253
DQN,55,early,81,81,0.09000000000000001,1.0,1.0,0.3611753284931183,0.00023801453062333167
DQN,55,early,82,82,0.050928966999053964,2.0,2.0,0.5557584762573242,0.00019349912327015772
DQN,55,early,83,83,0.01868880987167358,5.0,3.0,0.8447245955467224,0.00026335127477068455
DQN,55,early,84,84,0.09000000000000001,1.0,1.0,0.47265127301216125,0.0001381773327011615
DQN,55,early,85,85,0.06650670051574709,2.0,2.0,0.24652493000030518,0.00022859728778712451
DQN,55,early,86,86,0.14296837329864504,2.0,2.0,0.7162532210350037,0.0002881256950786337
DQN,55,early,87,87,0.09000000000000001,1.0,1.0,1.3694822788238525,0.0002227465301984921
DQN,55,early,88,88,0.09000000000000001,1.0,1.0,0.22381658852100372,0.0001880330528365448
DQN,55,early,89,89,0.09000000000000001,1.0,1.0,0.3092813789844513,0.00030151556711643934
DQN,55,early,90,90,-0.45650909900665276,6.0,3.0,0.8702549934387207,0.0001895910972962156
DQN,55,early,91,91,0.021928091049194354,3.0,2.0,0.6408208012580872,0.00011470186776326348
DQN,55,early,92,92,0.09000000000000001,1.0,1.0,0.4175337255001068,0.0005009219166822731
DQN,55,early,93,93,-0.309199595451355,10.0,5.0,0.6823171377182007,0.0002548068885516841
DQN,55,early,94,94,0.23909612178802492,2.0,2.0,0.6565983891487122,0.00012047189375152811
DQN,55,early,95,95,0.08362341642379761,3.0,3.0,0.8345717191696167,0.00015184758619094887
DQN,55,early,96,96,0.09000000000000001,1.0,1.0,0.1957157403230667,0.00010339343862142414
DQN,55,early,97,97,0.09000000000000001,1.0,1.0,1.2935186624526978,0.00012359788524918258
DQN,55,early,98,98,-0.12825394988059996,2.0,2.0,0.6405841708183289,9.006261825561523e-05
DQN,55,early,99,99,0.09000000000000001,1.0,1.0,0.2361384481191635,0.0005421054665930569
DQN,55,early,100,100,-0.18254481077194212,7.0,3.0,0.6334352493286133,0.00023567166395618448
DQN,55,early,101,101,0.07442157149314882,2.0,2.0,0.4683362543582916,0.00018840959819499403
DQN,55,early,102,102,0.2903266716003418,2.0,2.0,0.9712824821472168,0.0002605945701361634
DQN,55,early,103,103,0.24743153333663942,2.0,2.0,0.8665472865104675,0.0003906597994500771
DQN,55,early,104,104,0.08564520835876466,4.0,3.0,0.9394183158874512,0.00019836768115055747
DQN,55,early,105,105,0.017142881155014042,3.0,2.0,0.27459853887557983,0.00031613153017436463
DQN,55,early,106,106,-0.11997775554656982,2.0,2.0,1.1522092819213867,0.0004842314592679031
DQN,55,early,107,107,-0.6626208305358887,10.0,7.0,0.7944322228431702,0.00026053218680317515
DQN,55,early,108,108,-0.22439628839492798,10.0,5.0,0.8430463075637817,0.00018173117641708813
DQN,55,early,109,109,0.09000000000000001,1.0,1.0,0.2976185977458954,8.35618338896893e-05
DQN,55,early,110,110,-0.018845816850662236,4.0,3.0,0.3076551854610443,0.00018987073963216972
DQN,55,early,111,111,0.2946053123474121,4.0,4.0,1.0092824697494507,0.000109911932668183
DQN,55,early,112,112,0.012401540279388432,3.0,2.0,0.3015234172344208,0.00011711494880728424
DQN,55,early,113,113,0.022101523280143753,2.0,2.0,0.23697344958782196,0.0001850249209383037
DQN,55,early,114,114,0.09574215292930605,2.0,2.0,0.17483459413051605,0.00013119951836415567
DQN,55,early,115,115,-0.03825485527515411,2.0,2.0,0.28938156366348267,9.618297190172598e-05
DQN,55,early,116,116,0.06205273389816285,3.0,3.0,0.6014517545700073,0.00021814231634683287
DQN,55,early,117,117,0.03861529588699341,4.0,3.0,0.35195955634117126,0.0006886673072585836
DQN,55,early,118,118,0.17047365188598634,2.0,2.0,0.7859227061271667,0.00038186197343748063
DQN,55,early,119,119,0.1228736734390259,4.0,3.0,0.8024809956550598,0.0005149088647158351
DQN,55,early,120,120,-0.09204733848571779,8.0,5.0,0.47430723905563354,0.0005195452758925967
DQN,55,early,121,121,-0.32919479489326475,8.0,3.0,0.3951300084590912,0.0003803310391958803
DQN,55,early,122,122,0.03787544548511506,2.0,2.0,0.2502419948577881,0.00042604899499565363
DQN,55,early,123,123,0.06643529415130617,2.0,2.0,0.5923539996147156,0.00036664849903900176
DQN,55,early,124,124,0.09000000000000001,1.0,1.0,0.3022193908691406,0.00036182929761707783
DQN,55,early,125,125,0.28535956859588624,3.0,3.0,0.6473787426948547,0.0004224987254322817
DQN,55,early,126,126,-0.2112010622024536,4.0,3.0,0.5869477391242981,0.0003044037184736226
DQN,55,early,127,127,-0.014173371791839584,2.0,2.0,1.0610802173614502,0.000369589586625807
DQN,55,early,128,128,-0.029016150236129745,2.0,2.0,0.486676961183548,0.00023027545103104785
DQN,55,early,129,129,-0.021162741184234612,3.0,3.0,0.8746351003646851,0.0004262856770462046
DQN,55,early,130,130,-0.05877631425857545,7.0,4.0,0.6257149577140808,0.0002842701630600329
DQN,55,early,131,131,-0.32270222187042236,3.0,3.0,1.0408380031585693,0.00037865341679813963
DQN,55,early,132,132,0.13330317735671995,5.0,3.0,0.867496907711029,0.0002389917994150892
DQN,55,early,133,133,-0.01630783081054689,5.0,4.0,0.8099952936172485,0.0002999455042299815
DQN,55,early,134,134,-0.09432940006256103,7.0,3.0,0.325177937746048,0.00023516600984813913
DQN,55,early,135,135,-0.01716472744941712,9.0,4.0,0.35416051745414734,0.0002788459338868658
DQN,55,early,136,136,0.14113588809967043,2.0,2.0,1.0618984699249268,0.0002288018040417228
DQN,55,early,137,137,-0.5668996393680573,10.0,4.0,0.36007753014564514,0.00017678971416899004
DQN,55,early,138,138,-0.10497028946876526,7.0,3.0,0.28230398893356323,0.00022977217823998735
DQN,55,early,139,139,-0.3273372459411621,8.0,3.0,0.6295298933982849,0.0002485432496541762
DQN,55,early,140,140,0.07473853945732117,3.0,3.0,0.30397599935531616,0.0003154109969424705
DQN,55,early,141,141,0.030038428306579587,5.0,3.0,0.5144230127334595,0.00020240978337824345
DQN,55,early,142,142,0.09038204193115236,6.0,4.0,1.0863102674484253,0.00022909611773987612
DQN,55,early,143,143,-0.2934691059589386,8.0,5.0,0.5756773352622986,0.00018964385708386544
DQN,55,early,144,144,0.09000000000000001,1.0,1.0,0.45508065819740295,0.00027471157955005765
DQN,55,early,145,145,0.09000000000000001,1.0,1.0,0.8147130608558655,0.00018369269673712552
DQN,55,early,146,146,0.03452463388442993,6.0,3.0,0.6355986595153809,0.00023544033319922164
DQN,55,early,147,147,0.09000000000000001,1.0,1.0,0.606211245059967,0.00022519347839988768
DQN,55,early,148,148,-0.2684443122148514,6.0,4.0,0.31350889801979065,0.00019151222174211094
DQN,55,early,149,149,0.08710344314575197,2.0,2.0,0.46580490469932556,0.00022604173500440083
DQN,55,early,150,150,0.11908740520477296,3.0,3.0,0.7009040713310242,0.00031287500557179254
DQN,55,early,151,151,0.15241639852523806,6.0,5.0,0.9530417323112488,0.0002515074738766998
DQN,55,early,152,152,0.09000000000000001,1.0,1.0,0.7374151349067688,0.00031360736466012895
DQN,55,early,153,153,0.07940559267997743,2.0,2.0,0.12597249448299408,0.00016763338862801902
DQN,55,early,154,154,0.047348307371139535,2.0,2.0,0.2876014709472656,0.00017910895985551178
DQN,55,early,155,155,0.06396114826202393,5.0,4.0,0.8978623151779175,0.00017461616080254315
DQN,55,early,156,156,-0.7073786759376527,9.0,4.0,1.2088031768798828,0.00022566664362481484
DQN,55,early,157,157,-0.6385444521903991,10.0,4.0,0.5018998980522156,0.0002533845508878585
DQN,55,early,158,158,0.09000000000000001,1.0,1.0,0.5390611886978149,0.00017994899826589972
DQN,55,early,159,159,0.09000000000000001,1.0,1.0,0.9001597166061401,0.00010239013499813154
DQN,55,early,160,160,0.27860541343688966,5.0,3.0,0.8036409616470337,0.0003369285986991599
DQN,55,early,161,161,0.12891008377075197,3.0,2.0,0.6789657473564148,0.00024634744234693545
DQN,55,early,162,162,0.09000000000000001,1.0,1.0,0.7352150082588196,0.00015439352137036622
DQN,55,early,163,163,0.150582332611084,3.0,2.0,1.059512734413147,0.0001615567598491907
DQN,55,early,164,164,-0.15016032814979552,6.0,3.0,0.4645387530326843,0.0006436876283260062
DQN,55,early,165,165,-0.15962435126304625,7.0,3.0,0.32645872235298157,0.0004495371124773685
DQN,55,early,166,166,-0.31093176603317263,10.0,5.0,0.6080363392829895,0.0005567415879340843
DQN,55,early,167,167,0.09000000000000001,1.0,1.0,0.6687474846839905,0.00041470606811344624
DQN,55,early,168,168,-0.4569283962249756,10.0,5.0,0.39532357454299927,0.0004776776797370985
DQN,55,early,169,169,-0.5397901654243469,10.0,4.0,0.578722357749939,0.00038388144748751073
DQN,55,early,170,170,-0.0011830759048461759,2.0,2.0,0.7303301095962524,0.0003513628034852445
DQN,55,early,171,171,0.09000000000000001,1.0,1.0,0.20624370872974396,0.00041444002999924123
DQN,55,early,172,172,0.14871396303176881,2.0,2.0,0.3761996626853943,0.00035482120438246056
DQN,55,early,173,173,-0.03655032634735107,2.0,2.0,0.7972424626350403,0.000254002668953035
DQN,55,early,174,174,0.09000000000000001,1.0,1.0,0.30119994282722473,0.00026169753982685506
DQN,55,early,175,175,-0.3287724906206131,9.0,4.0,0.28048330545425415,0.00022532824530369707
DQN,55,early,176,176,0.09000000000000001,1.0,1.0,0.9549379348754883,0.0001557747455080971
DQN,55,early,177,177,-0.2294864308834076,7.0,4.0,0.5882192850112915,0.00022200583147683313
DQN,55,early,178,178,0.13715954542160036,3.0,2.0,0.6936808824539185,0.00024446696625091136
DQN,55,early,179,179,0.06076856136322022,2.0,2.0,0.17118027806282043,0.0001538988944957964
DQN,55,early,180,180,-0.30179787158966065,8.0,5.0,0.44082024693489075,0.00016162316478585126
DQN,55,early,181,181,0.08834367752075195,4.0,4.0,0.5477611422538757,0.00023005164439382497
DQN,55,early,182,182,0.09000000000000001,1.0,1.0,0.06573127210140228,0.00026237161364406347
DQN,55,early,183,183,0.1628450918197632,2.0,2.0,0.933334231376648,0.0003017012058990076
DQN,55,early,184,184,-0.10926656723022458,5.0,3.0,0.5715792775154114,0.0001671428035479039
DQN,55,early,185,185,0.09000000000000001,1.0,1.0,0.5843364000320435,0.00030626601073890924
DQN,55,early,186,186,0.09000000000000001,1.0,1.0,0.8547029495239258,0.00028119978378526866
DQN,55,early,187,187,-0.11682234764099121,6.0,3.0,0.5727279782295227,0.0002944568016876777
DQN,55,early,188,188,-0.05593907117843626,3.0,3.0,0.2952107787132263,0.00019614734143639603
DQN,55,early,189,189,-0.10433924436569213,4.0,4.0,0.8238095045089722,0.0001858006144175306
DQN,55,early,190,190,-0.050601830482482915,4.0,3.0,0.8229756355285645,0.00016600148046563845
DQN,55,early,191,191,-0.05328798294067384,5.0,4.0,0.6828020811080933,0.00017622167943045496
DQN,55,early,192,192,-0.2334435820579529,10.0,5.0,0.5930562019348145,0.00025814081163844094
DQN,55,early,193,193,0.20068021297454836,2.0,2.0,0.9621704816818237,0.00027164127823198214
DQN,55,early,194,194,0.09000000000000001,1.0,1.0,0.7725992202758789,0.00022791081573814154
DQN,55,early,195,195,-0.014301874637603754,4.0,2.0,0.8856906294822693,0.00022610577070736326
DQN,55,early,196,196,0.06605792999267579,4.0,3.0,0.5706583261489868,0.00018986179566127248
DQN,55,early,197,197,0.09000000000000001,1.0,1.0,0.1369653046131134,0.00016870487888809294
DQN,55,early,198,198,-0.4059870958328247,10.0,4.0,1.0807883739471436,0.00021335026249289513
DQN,55,early,199,199,-0.1939893591403961,3.0,3.0,0.6431080102920532,0.00037281541153788567
DQN,55,early,200,200,-0.040720808506011966,5.0,3.0,0.5650328397750854,0.00020246509520802647
DQN,55,early,201,201,0.0027701699733734125,6.0,3.0,0.3953978717327118,0.00022216959162809266
DQN,55,early,202,202,-0.04899572134017942,5.0,3.0,0.8955708146095276,0.00018943523900816217
DQN,55,early,203,203,0.09000000000000001,1.0,1.0,0.8255936503410339,0.00014517086674459279
DQN,55,early,204,204,-0.04381262063980103,5.0,3.0,0.69414222240448,0.00014854809996904804
DQN,55,early,205,205,-0.14105165481567383,8.0,5.0,1.006611943244934,0.00016897106888791313
DQN,55,early,206,206,0.05446389079093934,4.0,4.0,0.3122673034667969,0.00010241921336273663
DQN,55,early,207,207,0.07299234151840212,2.0,2.0,0.8524752855300903,0.0002053113748843316
DQN,55,early,208,208,0.09672300696372987,2.0,2.0,0.4028438627719879,0.00013310428403201513
DQN,55,early,209,209,0.03537250518798829,4.0,3.0,1.3240565061569214,0.00010478693366167136
DQN,55,early,210,210,-0.11358461081981659,5.0,3.0,0.19652123749256134,0.0001675188264925964
DQN,55,early,211,211,0.09000000000000001,1.0,1.0,0.12841200828552246,8.911966142477468e-05
DQN,55,early,212,212,-0.10303968012332916,2.0,2.0,0.4069612920284271,0.000316964607918635
DQN,55,early,213,213,0.09000000000000001,1.0,1.0,0.23302428424358368,0.0006712495815008879
DQN,55,early,214,214,-0.15852118730545045,10.0,6.0,0.6903041005134583,0.0003055973778828047
DQN,55,early,215,215,-0.32862313985824587,10.0,5.0,0.26630541682243347,0.00030615235154982654
DQN,55,early,216,216,-0.03333841323852539,6.0,3.0,0.5740020871162415,0.00024626871648555
DQN,55,early,217,217,0.0820277500152588,2.0,2.0,0.9341744184494019,0.0003524710482452065
DQN,55,early,218,218,-0.045027095079422,5.0,3.0,0.25325268507003784,0.00023469580337405206
DQN,55,early,219,219,0.06592910170555116,2.0,2.0,0.480273574590683,0.00015589880786137655
DQN,55,early,220,220,-0.11857645273208618,6.0,3.0,0.805266261100769,0.00029872782276167226
DQN,55,early,221,221,0.17411060810089113,2.0,2.0,0.9457532167434692,0.00033991642703767866
DQN,55,early,222,222,0.09000000000000001,1.0,1.0,0.9088838696479797,0.00019128239364363253
DQN,55,early,223,223,0.05220508813858032,6.0,4.0,0.8449607491493225,0.00023417813160146275
DQN,55,early,224,224,0.05865465283393861,2.0,2.0,0.12293969094753265,0.0001670620549703017
DQN,55,early,225,225,-0.021051272749900804,5.0,4.0,0.24407407641410828,0.00014982174470787868
DQN,55,early,226,226,-0.06403481483459474,7.0,4.0,0.6159200072288513,0.0002223127188959292
DQN,55,early,227,227,0.011661190986633305,3.0,2.0,0.8794246315956116,0.00016687860867629448
DQN,55,early,228,228,0.09000000000000001,1.0,1.0,1.0806020498275757,0.00012621330097317696
DQN,55,early,229,229,-0.0658035033941269,4.0,3.0,0.25343257188796997,0.00019469563630991615
DQN,55,early,230,230,0.031410710811615,2.0,2.0,0.6325383186340332,0.00014972642384236678
DQN,55,early,231,231,0.18581672191619875,2.0,2.0,0.911590576171875,0.0001724314715829678
DQN,55,early,232,232,-0.1425345468521118,8.0,4.0,0.7464160323143005,0.00012229498042870546
DQN,55,early,233,233,-0.16055677056312562,7.0,5.0,0.43450281023979187,0.00014166511287580112
DQN,55,early,234,234,0.09000000000000001,1.0,1.0,1.217408299446106,0.00020069190941285342
DQN,55,early,235,235,0.08078850269317628,4.0,3.0,0.8290231823921204,0.00014541282689606305
DQN,55,early,236,236,-0.10171095848083496,7.0,3.0,1.0226399898529053,0.0001341761287351671
DQN,55,early,237,237,-0.10408186912536617,5.0,4.0,0.878240704536438,0.00020281440811231732
DQN,55,early,238,238,0.09000000000000001,1.0,1.0,0.47651568055152893,0.00015923597675282508
DQN,55,early,239,239,-0.0057031691074371366,5.0,3.0,0.30029377341270447,0.00019865301001118497
DQN,55,early,240,240,0.042412762641906764,7.0,4.0,0.643202006816864,0.0001665329805941188
DQN,55,early,241,241,0.09000000000000001,1.0,1.0,0.18544599413871765,0.000252719153650105
DQN,55,early,242,242,0.09000000000000001,1.0,1.0,0.9570453763008118,0.00023313787824008614
DQN,55,early,243,243,0.11658473491668703,2.0,2.0,0.6844364404678345,0.00014454713891609572
DQN,55,early,244,244,-0.04817067861557005,3.0,3.0,0.6533871293067932,0.00022370208171196282
DQN,55,early,245,245,0.09000000000000001,1.0,1.0,0.15972943603992462,9.976571163861081e-05
DQN,55,early,246,246,-0.18309741199016566,8.0,5.0,0.12062571197748184,0.00015315289556383505
DQN,55,early,247,247,-0.31511915266513824,9.0,4.0,0.24645212292671204,0.00016197234637931816
DQN,55,early,248,248,0.06121480941772464,7.0,4.0,1.1372252702713013,0.0001297613000912991
DQN,55,early,249,249,0.09000000000000001,1.0,1.0,0.40294384956359863,7.052754517644644e-05
DQN,55,early,250,250,0.08625336170196535,2.0,2.0,0.6204290390014648,8.126092870952561e-05
DQN,55,early,251,251,-0.21016712188720704,10.0,6.0,0.35255977511405945,0.0001250655230251141
DQN,55,early,252,252,-0.09911211729049679,10.0,5.0,0.85941082239151,0.0001452362943382468
DQN,55,early,253,253,-0.3476179963350296,6.0,4.0,0.48924189805984497,0.0001404606070233664
DQN,55,early,254,254,0.09000000000000001,1.0,1.0,0.6801104545593262,8.486522710882127e-05
DQN,55,early,255,255,0.09000000000000001,1.0,1.0,1.1669427156448364,0.00016522455553058535
DQN,55,early,256,256,0.2379718887805939,2.0,2.0,0.49824264645576477,0.0001855771624832414
DQN,55,early,257,257,0.11285527467727663,3.0,2.0,0.5597993731498718,0.00013625616217420125
DQN,55,early,258,258,-0.18284629344940184,6.0,3.0,0.6288166642189026,0.00029323242051759735
DQN,55,early,259,259,0.0006096231937408603,2.0,2.0,0.34687089920043945,0.00021390911570051685
DQN,55,early,260,260,-0.13264423370361328,6.0,4.0,1.113586187362671,0.0002931079313081379
DQN,55,early,261,261,0.19953723430633546,2.0,2.0,1.3636621236801147,0.000394946189771872
DQN,55,early,262,262,0.041502328515052804,2.0,2.0,0.20255626738071442,0.0005022557888878509
DQN,55,early,263,263,-0.13787603616714478,9.0,5.0,0.7202969789505005,0.00025920076910147653
DQN,55,early,264,264,0.01733763694763185,2.0,2.0,0.333420068025589,0.00032454734173370525
DQN,55,early,265,265,0.0006045293807983437,3.0,2.0,0.82981938123703,0.00033855952400093275
DQN,55,early,266,266,0.1321296763420105,3.0,3.0,0.7794088125228882,0.00029431098664645106
DQN,55,early,267,267,0.09000000000000001,1.0,1.0,0.22742892801761627,0.00014945692964829504
DQN,55,early,268,268,-0.223834867477417,7.0,4.0,0.2554921805858612,0.000233088484882111
DQN,55,early,269,269,-0.08272658348083496,6.0,3.0,0.9514887928962708,0.00016900771879591048
DQN,55,early,270,270,-0.2120408225059509,8.0,3.0,0.39784500002861023,0.0002143920146409073
DQN,55,early,271,271,0.04267528653144838,5.0,4.0,0.3558327853679657,0.00013925884122727438
DQN,55,early,272,272,0.09000000000000001,1.0,1.0,0.791562020778656,0.00020970997866243124
DQN,55,early,273,273,0.015501875877380375,3.0,2.0,0.5341795086860657,0.00023795817590629062
DQN,55,early,274,274,0.09000000000000001,1.0,1.0,0.702948272228241,0.00016053515719249845
DQN,55,early,275,275,0.3040837836265564,3.0,2.0,0.873160183429718,0.00013440831147211915
DQN,55,early,276,276,0.02868725538253785,2.0,2.0,0.6620944142341614,0.00010113509779330343
DQN,55,early,277,277,0.26845837354660035,3.0,3.0,0.8359703421592712,0.0003717535291798413
DQN,55,early,278,278,0.02156129896640778,3.0,2.0,0.10509072244167328,0.00028910525240159285
DQN,55,early,279,279,0.059404374957084664,2.0,2.0,0.218084916472435,0.00039204418135341257
DQN,55,early,280,280,-0.047823173999786375,2.0,2.0,0.43060222268104553,0.00017475587083026767
DQN,55,early,281,281,-0.06680118560791017,7.0,4.0,0.7897679209709167,0.00022707478845924406
DQN,55,early,282,282,0.06348078131675722,2.0,2.0,0.3414832055568695,0.00021610630938084796
DQN,55,early,283,283,0.0038238167762756486,5.0,4.0,0.7650428414344788,0.00028490680851973594
DQN,55,early,284,284,0.03240199565887452,2.0,2.0,0.5843815803527832,0.00021846088930033147
DQN,55,early,285,285,0.025482671260833756,2.0,2.0,0.6314035654067993,0.00016580807277932763
DQN,55,early,286,286,0.09000000000000001,1.0,1.0,0.37215277552604675,0.00012560043251141906
DQN,55,early,287,287,-0.14955079317092895,6.0,4.0,0.19898103177547455,0.0001715823139723701
DQN,55,early,288,288,-0.33957753658294676,8.0,3.0,0.9800787568092346,0.00020102493999729631
DQN,55,early,289,289,-0.6123833656311035,10.0,3.0,0.766964316368103,0.00013419967799563893
DQN,55,early,290,290,0.09000000000000001,1.0,1.0,0.3637561798095703,0.00024765683338046074
DQN,55,early,291,291,-0.07490783929824828,5.0,4.0,0.6105291247367859,0.00016943758237175643
DQN,55,early,292,292,0.13592631578445435,4.0,3.0,0.8133786916732788,0.0001536482923256699
DQN,55,early,293,293,0.09000000000000001,1.0,1.0,0.2576539218425751,0.00014418279170058668
DQN,55,early,294,294,0.15819377422332764,3.0,3.0,0.8090584874153137,0.00011270973724701132
DQN,55,early,295,295,0.09428058981895449,3.0,2.0,0.34810787439346313,0.00013768632682816437
DQN,55,early,296,296,0.09218294143676758,3.0,3.0,1.0460540056228638,0.00023983195327067128
DQN,55,early,297,297,-0.11987696409225464,7.0,3.0,0.5348619222640991,0.00017270064251663695
DQN,55,early,298,298,0.026867566108703625,4.0,4.0,0.8635318875312805,0.00017153219232568517
DQN,55,early,299,299,-0.08709584712982178,4.0,3.0,0.7504167556762695,0.0001225721152877668
DQN,55,early,300,300,-0.18970165014266965,6.0,2.0,0.38658538460731506,0.0001474192516373781
DQN,55,early,301,301,0.09000000000000001,1.0,1.0,0.5514755845069885,0.00017332000425085425
DQN,55,early,302,302,0.09000000000000001,1.0,1.0,0.11250366270542145,0.00010273676161887124
DQN,55,early,303,303,-0.13452448844909667,10.0,5.0,0.7613025903701782,0.00017254820704692975
DQN,55,early,304,304,-0.11508368864655492,4.0,3.0,0.18553683161735535,0.00011655729213089217
DQN,55,early,305,305,-0.06816579818725584,7.0,6.0,0.4089156687259674,0.00010522415998691161
DQN,55,early,306,306,0.051006102859973916,2.0,2.0,0.11378221958875656,0.00012177420649095438
DQN,55,early,307,307,0.15487326860427858,2.0,2.0,0.7684711217880249,9.200605563819408e-05
DQN,55,early,308,308,0.09000000000000001,1.0,1.0,0.42174482345581055,0.0001550944143673405
DQN,55,early,309,309,0.3414095711708069,3.0,3.0,0.740088164806366,0.00014178921628626995
DQN,55,early,310,310,0.09000000000000001,1.0,1.0,0.7461990118026733,0.0003683258546516299
DQN,55,early,311,311,-0.08196790099143982,3.0,2.0,0.44367504119873047,0.00022448805490663895
DQN,55,early,312,312,-0.18936067819595337,10.0,5.0,0.6223158240318298,0.00019483466239762494
DQN,55,early,313,313,-0.015132238864898687,4.0,3.0,0.6529421806335449,0.00021680765348719433
DQN,55,early,314,314,0.09000000000000001,1.0,1.0,0.9300910234451294,0.00016264310397673398
DQN,55,early,315,315,-0.26164134860038757,7.0,4.0,0.4220737814903259,0.0002206871525101763
DQN,55,early,316,316,0.09000000000000001,1.0,1.0,0.2644035518169403,0.00027786302962340415
DQN,55,early,317,317,0.08672230124473573,2.0,2.0,0.3023643493652344,0.0001699067506706342
DQN,55,early,318,318,0.11625547170639039,4.0,3.0,0.814120352268219,0.00014353744882100727
DQN,55,early,319,319,0.11118866682052614,2.0,2.0,0.8449689745903015,0.00030565760243916884
DQN,55,early,320,320,-0.15520011901855468,7.0,4.0,0.36936888098716736,0.00016383788274002394
DQN,55,early,321,321,0.009373369216918934,6.0,4.0,0.7000616192817688,0.00013196956084963554
DQN,55,early,322,322,0.1908486557006836,3.0,3.0,0.6403817534446716,0.00012317105089702332
DQN,55,early,323,323,0.22801108837127687,2.0,2.0,1.1089842319488525,0.00015950706438161433
DQN,55,early,324,324,-0.336477422863245,9.0,4.0,0.1491023451089859,0.00016208181073630435
DQN,55,early,325,325,-0.14489298820495605,6.0,4.0,0.36052343249320984,0.0001347139283704261
DQN,55,early,326,326,0.09000000000000001,1.0,1.0,0.5461406111717224,0.00012342007539700717
DQN,55,early,327,327,0.09000000000000001,1.0,1.0,0.20928548276424408,6.009215576341376e-05
DQN,55,early,328,328,0.0808177161216736,2.0,2.0,0.5596986413002014,6.78570504533127e-05
DQN,55,early,329,329,-0.04666452407836914,5.0,3.0,0.5676597356796265,0.0001358152600005269
DQN,55,early,330,330,0.11396926879882814,6.0,4.0,0.917627215385437,0.00012851785504608415
DQN,55,early,331,331,0.08779822468757631,2.0,2.0,0.15125830471515656,0.00013797702195006423
DQN,55,early,332,332,0.009259513616561896,4.0,2.0,0.30998679995536804,0.00013430485432763817
DQN,55,early,333,333,0.1744933891296387,2.0,2.0,0.7552973628044128,0.00012536930807982571
DQN,55,early,334,334,0.09000000000000001,1.0,1.0,0.2665270268917084,0.00012155615695519373
DQN,55,early,335,335,0.04981988430023194,4.0,4.0,0.7018309235572815,9.415716158400755e-05
DQN,55,early,336,336,0.09000000000000001,1.0,1.0,0.1354682445526123,0.00017125187150668353
DQN,55,early,337,337,-0.378964340686798,10.0,3.0,0.907637894153595,0.00010184301827393938
DQN,55,early,338,338,0.21168529987335205,5.0,4.0,0.8158584833145142,0.00011373449378879741
DQN,55,early,339,339,0.26643712997436525,2.0,2.0,0.4991404414176941,0.0001451108037144877
DQN,55,early,340,340,0.12241698265075684,4.0,3.0,0.7830861210823059,0.0002480506409483496
DQN,55,early,341,341,0.09000000000000001,1.0,1.0,0.5043463110923767,0.00015139686001930386
DQN,55,early,342,342,-0.04023509979248045,6.0,4.0,0.8784183263778687,0.0001448775462146538
DQN,55,early,343,343,0.011906447410583498,6.0,4.0,0.6466851234436035,0.0001436867957333258
DQN,55,early,344,344,-0.04995648652315139,4.0,2.0,0.11168332397937775,9.810493611439597e-05
DQN,55,early,345,345,-0.09991894483566284,2.0,2.0,1.0329110622406006,0.00015239424465107732
DQN,55,early,346,346,0.02271171092987062,2.0,2.0,0.8598133325576782,0.00032258581632049754
DQN,55,early,347,347,0.11158449172973633,3.0,3.0,0.6433771848678589,0.00016732488438719884
DQN,55,early,348,348,-0.037927675247192386,5.0,3.0,0.7162893414497375,0.00012118536251364276
DQN,55,early,349,349,0.09000000000000001,1.0,1.0,0.5495871901512146,9.224133100360632e-05
DQN,55,early,350,350,0.21231015324592595,5.0,5.0,0.3677571713924408,0.00010356485290685669
DQN,55,early,351,351,0.09000000000000001,1.0,1.0,0.30587059259414673,0.00010640187247190624
DQN,55,early,352,352,0.09000000000000001,1.0,1.0,1.0148409605026245,0.0001733631652314216
DQN,55,early,353,353,0.09000000000000001,1.0,1.0,0.3111925721168518,0.00027230888372287154
DQN,55,early,354,354,0.19265247344970704,4.0,3.0,0.6475090980529785,0.00013116585068928543
DQN,55,early,355,355,0.01179767131805419,7.0,4.0,1.209091305732727,8.341618792785863e-05
DQN,55,early,356,356,0.04481339454650881,5.0,4.0,0.9113746285438538,7.53704625822138e-05
DQN,55,early,357,357,0.5254247260093688,3.0,3.0,0.886511504650116,8.561786792900723e-05
DQN,55,early,358,358,0.0945581889152527,4.0,3.0,0.5032944083213806,0.00014072123485675547
DQN,55,early,359,359,-0.01423012256622315,4.0,3.0,0.27842777967453003,0.00017359803678118624
DQN,55,early,360,360,0.09000000000000001,1.0,1.0,0.24754215776920319,7.999584340723231e-05
DQN,55,early,361,361,0.09611775398254395,3.0,2.0,1.0967738628387451,0.00028469899552874267
DQN,55,early,362,362,0.01582588434219362,2.0,2.0,0.5788282752037048,0.00017800112254917622
DQN,55,early,363,363,0.09000000000000001,1.0,1.0,0.6553285717964172,6.406825559679419e-05
DQN,55,early,364,364,0.09943373680114748,2.0,2.0,0.8044344186782837,0.00015760061796754599
DQN,55,early,365,365,0.15636934757232668,3.0,2.0,0.5370053648948669,0.0001152065063555104
DQN,55,early,366,366,0.0727761459350586,3.0,3.0,0.5073856115341187,6.423264615780984e-05
DQN,55,early,367,367,-0.04208530277013779,4.0,3.0,0.16776089370250702,0.00016981190765363863
DQN,55,early,368,368,-0.14246773958206177,4.0,4.0,0.5300105810165405,0.00012718335165118333
DQN,55,early,369,369,0.09000000000000001,1.0,1.0,1.0924586057662964,8.069821342360228e-05
DQN,55,early,370,370,0.45914210557937624,2.0,2.0,0.5831649899482727,7.471805656678043e-05
DQN,55,early,371,371,0.05359153270721436,8.0,6.0,0.9688334465026855,0.0001912125117087271
DQN,55,early,372,372,0.05831098526716233,3.0,3.0,0.10529185831546783,0.00021736465472107133
DQN,55,early,373,373,0.06466704368591308,9.0,5.0,1.1349519491195679,0.0002235008610619439
DQN,55,early,374,374,0.039258874654769904,3.0,3.0,0.4626067578792572,0.0001370019672322087
DQN,55,early,375,375,0.020419852733612076,2.0,2.0,0.7116888761520386,0.00017857722559710965
DQN,55,early,376,376,0.34023505687713623,6.0,4.0,0.8244885206222534,0.0004865640124383693
DQN,55,early,377,377,-0.11080722570419312,6.0,3.0,0.35284069180488586,0.00026814504478049156
DQN,55,early,378,378,-0.02197294235229491,5.0,3.0,0.9376758337020874,0.00019462479976937175
DQN,55,early,379,379,-0.08320467472076416,5.0,3.0,0.7795230150222778,0.00019930166745325552
DQN,55,early,380,380,0.007811654806137089,3.0,2.0,0.3256630301475525,0.0002301309626394262
DQN,55,early,381,381,-0.14853573083877564,9.0,5.0,0.7814640402793884,0.00016119254885577701
DQN,55,early,382,382,0.02013535737991333,6.0,3.0,0.8333726525306702,0.00021345418402537084
DQN,55,early,383,383,0.07228301644325258,2.0,2.0,0.26391860842704773,0.00010788294093799777
DQN,55,early,384,384,-0.03318160057067869,3.0,3.0,0.7469903230667114,0.00023265946947503835
DQN,55,early,385,385,-0.010762941837310774,10.0,6.0,0.7599730491638184,0.00020014898327644915
DQN,55,early,386,386,0.09000000000000001,1.0,1.0,0.22271335124969482,0.00021433623624034226
DQN,55,early,387,387,0.20082505226135255,2.0,2.0,0.8850651979446411,0.0001330190571025014
DQN,55,early,388,388,0.25242133140563966,5.0,3.0,0.8692789077758789,0.00014789961714996026
DQN,55,early,389,389,0.01381572008132935,3.0,2.0,0.6199164986610413,0.00019832283336048326
DQN,55,early,390,390,0.1660347056388855,3.0,3.0,0.6495221257209778,0.00016539126227144152
DQN,55,early,391,391,0.21725470542907716,3.0,3.0,0.284420907497406,0.00012766871077474207
DQN,55,early,392,392,-0.004994978904724112,4.0,3.0,0.31883618235588074,0.0001845923234213842
DQN,55,early,393,393,0.15042527198791505,2.0,2.0,1.025642991065979,0.00021907881819061004
DQN,55,early,394,394,-0.005038078427314754,3.0,2.0,0.23739592730998993,0.00016512949756967524
DQN,55,early,395,395,0.1634237861633301,4.0,3.0,0.7743436694145203,0.00017748441860021558
DQN,55,early,396,396,0.07483025312423706,3.0,2.0,0.71485835313797,0.00024980806241122383
DQN,55,early,397,397,0.033337433338165294,3.0,2.0,0.7118304967880249,0.00020827379679152122
DQN,55,early,398,398,0.09000000000000001,1.0,1.0,0.5464509725570679,0.00012187242100480944
DQN,55,early,399,399,0.3269778060913086,2.0,2.0,0.836478590965271,0.00014603893214371055
DQN,55,early,400,400,-0.08060074150562284,5.0,3.0,0.27639564871788025,0.00015615606389474124
DQN,55,early,401,401,0.09000000000000001,1.0,1.0,0.6347596049308777,8.33179583423771e-05
DQN,55,early,402,402,0.25745941877365114,2.0,2.0,0.6013619303703308,0.0001623264979571104
DQN,55,early,403,403,0.09000000000000001,1.0,1.0,0.4354807436466217,5.872828478459269e-05
DQN,55,early,404,404,-0.22368113994598388,5.0,3.0,0.7945541143417358,0.00015762902767164634
DQN,55,early,405,405,-0.2612730938196182,8.0,4.0,0.2902373671531677,0.00013475371088134125
DQN,55,early,406,406,0.005001554489135765,4.0,3.0,1.056233286857605,0.00017113970534410328
DQN,55,early,407,407,0.09000000000000001,1.0,1.0,0.6120606064796448,0.00014742066559847444
DQN,55,early,408,408,0.09000000000000001,1.0,1.0,0.8285890817642212,0.00037121164496056736
DQN,55,early,409,409,0.06347151279449464,2.0,2.0,0.9917306303977966,0.00011325974628562108
DQN,55,early,410,410,0.30403578996658326,3.0,3.0,0.7030144333839417,0.0001107824258118247
DQN,55,early,411,411,0.03224815845489502,3.0,2.0,0.4966863989830017,0.00011617776423615093
DQN,55,early,412,412,0.05952485084533692,2.0,2.0,0.7812631726264954,0.000126216807984747
DQN,55,early,413,413,0.0053203797340393155,4.0,3.0,0.5459776520729065,0.00014822314187767915
DQN,55,early,414,414,-0.08931179404258728,6.0,3.0,0.46980756521224976,0.00011803512946547319
DQN,55,early,415,415,0.03695664525032044,3.0,3.0,0.3439622223377228,0.0001785917168793579
DQN,55,early,416,416,-0.03387274622917173,3.0,3.0,0.24338467419147491,0.00012129310198361054
DQN,55,early,417,417,-0.14749523520469665,7.0,4.0,0.4557444453239441,0.0001697951998461836
DQN,55,early,418,418,0.09000000000000001,1.0,1.0,0.5453848242759705,0.00011079040268668905
DQN,55,early,419,419,0.010412015914917,6.0,6.0,0.3678070604801178,6.94596868318816e-05
DQN,55,early,420,420,-0.009172959327697738,2.0,2.0,0.7209286689758301,6.444769860536326e-05
DQN,55,early,421,421,-0.07342557191848754,3.0,2.0,0.8034497499465942,9.419501293450594e-05
DQN,55,early,422,422,0.16611559867858888,2.0,2.0,0.8609673380851746,8.704705760465004e-05
DQN,55,early,423,423,-0.1360949283838272,6.0,3.0,0.2683015465736389,8.327402004700464e-05
DQN,55,early,424,424,0.14728416681289674,2.0,2.0,0.3755275309085846,8.443078331765719e-05
DQN,55,early,425,425,0.09000000000000001,1.0,1.0,0.9548197984695435,0.00028189847944304347
DQN,55,early,426,426,0.02140297174453737,2.0,2.0,0.7813080549240112,0.0001856102971942164
DQN,55,early,427,427,-0.08496298670768739,3.0,3.0,0.5592186450958252,0.00016768721252446994
DQN,55,early,428,428,0.3181014084815979,6.0,4.0,0.7836089730262756,0.0002479675628516513
DQN,55,early,429,429,0.09000000000000001,1.0,1.0,0.18855591118335724,0.00019053349387831986
DQN,55,early,430,430,0.09000000000000001,1.0,1.0,0.9144187569618225,0.00033136081765405834
DQN,55,early,431,431,-0.10953235149383546,7.0,4.0,1.0177820920944214,0.0002723925468412095
DQN,55,early,432,432,0.16730464220046998,3.0,3.0,0.7186790108680725,0.00015816421849497905
DQN,55,early,433,433,0.0036843609809875527,3.0,2.0,0.7798908352851868,0.00015850735993202156
DQN,55,early,434,434,0.10418312549591066,5.0,5.0,0.864565908908844,0.0002400433353614062
DQN,55,early,435,435,-0.12604742527008056,8.0,4.0,0.6014779210090637,0.00022644440286967438
DQN,55,early,436,436,-0.1013589870929718,7.0,5.0,0.23943527042865753,0.0003146796911356172
DQN,55,early,437,437,-0.4023956298828125,10.0,5.0,0.715543270111084,0.00027609078242676335
DQN,55,early,438,438,0.03846568822860718,4.0,3.0,0.6281762719154358,0.00035591551568359137
DQN,55,early,439,439,0.07381250381469728,3.0,2.0,0.8273295164108276,0.00019864682690240443
DQN,55,early,440,440,0.1921957302093506,2.0,2.0,1.0005725622177124,0.00023303660418605432
DQN,55,early,441,441,0.09000000000000001,1.0,1.0,0.3661285936832428,0.0001311405940214172
DQN,55,early,442,442,0.09000000000000001,1.0,1.0,0.6211258769035339,0.00022977677872404456
DQN,55,early,443,443,-0.2229050076007843,6.0,4.0,0.5138667225837708,0.00031038952874951065
DQN,55,early,444,444,0.09000000000000001,1.0,1.0,0.8304553627967834,0.0002661986800376326
DQN,55,early,445,445,0.12331290960311891,3.0,2.0,0.6415593028068542,0.0002188925379111121
DQN,55,early,446,446,0.2468491172790528,4.0,4.0,1.0221995115280151,0.0002472377109370427
DQN,55,early,447,447,0.09000000000000001,1.0,1.0,0.8051456809043884,0.00026564233121462166
DQN,55,early,448,448,0.10317832946777344,3.0,3.0,0.6288086175918579,0.0002803410558650891
DQN,55,early,449,449,0.05466755390167237,4.0,2.0,1.40755295753479,0.00020666251111833844
DQN,55,early,450,450,-0.7440251410007477,10.0,3.0,0.4394018054008484,0.00025351909134769813
DQN,55,early,451,451,0.16759330034255981,5.0,4.0,0.8374634385108948,0.00022363522584782912
DQN,55,early,452,452,0.017735160589218146,3.0,3.0,0.5435090065002441,0.00024781780666671693
DQN,55,early,453,453,-0.03923624277114866,7.0,4.0,0.6859255433082581,0.00021836218781702752
DQN,55,early,454,454,-0.031159217357635507,7.0,4.0,0.591256320476532,0.00026329118658655455
DQN,55,early,455,455,0.09000000000000001,1.0,1.0,0.7103620171546936,0.00017872251919470727
DQN,55,early,456,456,-0.021396446228027374,10.0,4.0,0.7149787545204163,0.00020566136445268057
DQN,55,early,457,457,0.2141591286659241,4.0,4.0,0.8110999464988708,0.0002253850434499327
DQN,55,early,458,458,0.12292666912078859,2.0,2.0,0.4849681854248047,0.00016866292571648955
DQN,55,early,459,459,0.15734304666519167,2.0,2.0,0.7304090261459351,0.00017803151422413066
DQN,55,early,460,460,0.04133850514888764,2.0,2.0,0.23279832303524017,0.0001666453536017798
DQN,55,early,461,461,0.005814135074615492,5.0,4.0,0.9990125298500061,0.00018736087367869912
DQN,55,early,462,462,0.09492356300354005,3.0,3.0,0.759341299533844,0.00018521213496569544
DQN,55,early,463,463,0.055730004310607914,3.0,2.0,0.6365875601768494,0.00017370358788563559
DQN,55,early,464,464,0.2937880825996399,3.0,3.0,0.9398931860923767,0.00013137763016857207
DQN,55,early,465,465,-0.0016071748733520602,7.0,4.0,0.5918450355529785,0.00013287634231216674
DQN,55,early,466,466,-0.08152423858642578,6.0,3.0,1.3240214586257935,0.00016241142899768116
DQN,55,early,467,467,0.04851357817649842,2.0,2.0,0.10594017058610916,0.00021961380844004452
DQN,55,early,468,468,-0.11750691473484039,4.0,2.0,0.232794389128685,0.00012509492080425844
DQN,55,early,469,469,-0.10384311318397522,4.0,3.0,0.44498059153556824,0.0001678385178820463
DQN,55,early,470,470,0.05074109315872193,2.0,2.0,0.6959155201911926,0.000109460910607595
DQN,55,early,471,471,-0.034288190603256205,3.0,3.0,0.3751470148563385,0.00015400525444420055
DQN,55,early,472,472,0.08423530817031862,4.0,4.0,0.5022972822189331,0.00011349733358656522
DQN,55,early,473,473,-0.03486095666885376,5.0,3.0,0.9477720856666565,0.00013001051847822965
DQN,55,early,474,474,0.08575727224349977,2.0,2.0,0.6375182867050171,7.357126742135733e-05
DQN,55,early,475,475,0.10892172336578371,2.0,2.0,0.25427982211112976,0.00021083985484438017
DQN,55,early,476,476,0.18506564378738405,2.0,2.0,0.6707188487052917,0.0002958297554869205
DQN,55,early,477,477,0.09000000000000001,1.0,1.0,0.4189510941505432,0.00021647517860401422
DQN,55,early,478,478,-0.15963279008865355,10.0,4.0,0.7154005765914917,0.0002613219796330668
DQN,55,early,479,479,0.14089693307876588,2.0,2.0,0.7271631956100464,0.00017296128498855978
DQN,55,early,480,480,0.003443956375122084,5.0,4.0,0.5015066266059875,0.00023528573219664395
DQN,55,early,481,481,0.09000000000000001,1.0,1.0,0.3663119673728943,0.00010242410644423217
DQN,55,early,482,482,-0.34743607789278025,10.0,5.0,0.212533637881279,0.0002504145282728132
DQN,55,early,483,483,-0.041733672618865944,4.0,3.0,0.59600430727005,0.00020463310829654802
DQN,55,early,484,484,0.08487757921218872,7.0,2.0,0.7390697598457336,0.0002102546880321045
DQN,55,early,485,485,-0.02600362181663511,3.0,3.0,0.5127991437911987,0.00039111820903296274
DQN,55,early,486,486,0.11676729440689088,3.0,3.0,0.7865623235702515,0.0002229582411625112
DQN,55,early,487,487,0.12148990392684939,4.0,2.0,0.7338296175003052,0.00023479637457057834
DQN,55,early,488,488,0.10576804161071779,2.0,2.0,0.5927032232284546,0.00018133001867681742
DQN,55,early,489,489,-0.10662835359573365,7.0,4.0,0.23151615262031555,0.0001968482746243743
DQN,55,early,490,490,0.07020164251327515,3.0,3.0,0.6622527837753296,0.00021114932800022265
DQN,55,early,491,491,-0.7702984690666199,10.0,2.0,0.7016181945800781,0.0001947994031070266
DQN,55,early,492,492,0.09000000000000001,1.0,1.0,0.6548587679862976,0.00013928119733463973
DQN,55,early,493,493,0.011336112022399897,10.0,6.0,0.732033371925354,0.00023049251467455178
DQN,55,early,494,494,0.0530595874786377,4.0,3.0,0.41891154646873474,0.00015070305380504578
DQN,55,early,495,495,0.03569831132888795,2.0,2.0,0.8998776078224182,0.0001850353364716284
DQN,55,early,496,496,-0.0507418942451477,7.0,3.0,0.8356378674507141,0.00017123235530951724
DQN,55,early,497,497,-0.09949814319610593,4.0,3.0,0.9191228151321411,0.0001414639073118451
DQN,55,early,498,498,-0.4148229002952576,10.0,5.0,0.9282148480415344,0.00018225763415102847
DQN,55,early,499,499,0.1641651487350464,4.0,3.0,0.7299620509147644,0.0001293606219405774
DQN,55,early,500,500,-0.0960687279701233,5.0,3.0,0.4928760826587677,0.00012041896989103406
DQN,55,early,501,501,0.14439303398132325,3.0,3.0,1.0577651262283325,0.00011329528448792796
DQN,55,early,502,502,-0.0890761399269104,4.0,2.0,0.6049860715866089,0.00015789035205671098
DQN,55,early,503,503,-0.08461931109428407,6.0,4.0,0.19117622077465057,0.00016907310418901034
DQN,55,early,504,504,0.11050780296325685,2.0,2.0,0.7359011769294739,0.00015987228107405826
DQN,55,early,505,505,0.09000000000000001,1.0,1.0,1.0252541303634644,0.00038133724592626095
DQN,55,early,506,506,-0.03795062065124509,6.0,3.0,0.9862369298934937,0.00020387580298120156
DQN,55,early,507,507,-0.31281065702438354,6.0,4.0,1.0729368925094604,0.00020208527954916158
DQN,55,early,508,508,0.18118130207061767,6.0,5.0,0.776546835899353,0.0002489789876563009
DQN,55,early,509,509,0.09000000000000001,1.0,1.0,0.4395301342010498,0.00022655879729427397
DQN,55,early,510,510,0.09263680100440981,3.0,3.0,0.36454278230667114,0.00015955226748095205
DQN,55,early,511,511,0.08823818683624268,3.0,3.0,0.7585093379020691,0.00013400057650869712
DQN,55,early,512,512,-0.1669137680530548,4.0,3.0,0.6280770301818848,0.00012861495451943483
DQN,55,early,513,513,0.08266462802886963,3.0,2.0,1.0679752826690674,0.00025215519902606803
DQN,55,early,514,514,0.017071949243545548,2.0,2.0,0.537176251411438,0.00020766157467733137
DQN,55,early,515,515,0.09000000000000001,1.0,1.0,0.2903114855289459,0.00014231940440367907
DQN,55,early,516,516,0.09000000000000001,1.0,1.0,0.11921368539333344,8.99261940503493e-05
DQN,55,early,517,517,-0.029559369087219248,7.0,4.0,0.8086720108985901,0.00014784682467247227
DQN,55,early,518,518,-0.1577683663368225,6.0,4.0,0.27095475792884827,0.00015395665953595503
DQN,55,early,519,519,0.14844210624694826,2.0,2.0,0.5725356936454773,0.00022481188352685422
DQN,55,early,520,520,0.04645909786224366,3.0,2.0,0.7713956832885742,0.00011575689374391611
DQN,55,early,521,521,0.1697071933746338,6.0,3.0,1.5155292749404907,0.00013232720448286273
DQN,55,early,522,522,0.096276091337204,2.0,2.0,0.3753574788570404,0.0001782837753125932
DQN,55,early,523,523,0.21396804809570313,4.0,3.0,0.9332884550094604,0.00015992111730156466
DQN,55,early,524,524,-0.28632287979125975,10.0,4.0,0.6458246111869812,0.00023474608460674062
DQN,55,early,525,525,-0.1117846965789795,5.0,4.0,0.3148529827594757,0.0003093007981078699
DQN,55,early,526,526,-0.13869001150131227,8.0,6.0,0.8134766221046448,0.0002339666516490979
DQN,55,early,527,527,-0.0144274115562439,5.0,3.0,0.5533427000045776,0.00020278296433389186
DQN,55,early,528,528,0.10526047825813295,2.0,2.0,0.4859755337238312,0.0001889581690193154
DQN,55,early,529,529,0.2342971730232239,2.0,2.0,0.8128972053527832,0.00015312660252675414
DQN,55,early,530,530,0.1084591841697693,4.0,3.0,0.7955235242843628,0.00016973610036075115
DQN,55,early,531,531,0.13286216735839845,2.0,2.0,0.8343557119369507,0.00012948510266141966
DQN,55,early,532,532,0.13275856494903565,3.0,3.0,0.7791596055030823,0.00015061135976187265
DQN,55,early,533,533,0.09000000000000001,1.0,1.0,0.5770383477210999,0.00010508934065001085
DQN,55,early,534,534,0.04891506791114807,4.0,3.0,0.4337849020957947,0.00016892130770429503
DQN,55,early,535,535,0.09000000000000001,1.0,1.0,0.5728030800819397,0.00017183134332299232
DQN,55,early,536,536,0.06466135144233703,9.0,5.0,0.486374169588089,0.000148735130399776
DQN,55,early,537,537,0.09000000000000001,1.0,1.0,0.44193142652511597,0.0002471564803272486
DQN,55,early,538,538,0.1756094765663147,3.0,3.0,0.9590433239936829,0.0001681949409733837
DQN,55,early,539,539,0.1450405788421631,3.0,3.0,0.7190266251564026,0.00021371244414088628
DQN,55,early,540,540,0.1644036638736725,2.0,2.0,0.3526274263858795,0.00029115620054653846
DQN,55,early,541,541,-0.0358546757698059,4.0,2.0,0.5325268507003784,0.0001956035976036219
DQN,55,early,542,542,0.09179112493991853,2.0,2.0,0.19008386135101318,0.00011703412383212708
DQN,55,early,543,543,-0.0935454273223877,9.0,4.0,0.9701005220413208,0.00014047433473428505
DQN,55,early,544,544,0.23567248106002808,3.0,3.0,0.8549019694328308,0.00017710671333285669
DQN,55,early,545,545,0.02774716377258301,4.0,3.0,0.7996501326560974,0.0001402688958478393
DQN,55,early,546,546,0.19926412582397462,2.0,2.0,0.8354743123054504,0.00011970320701948367
DQN,55,early,547,547,0.09000000000000001,1.0,1.0,0.4262795150279999,0.000185712895472534
DQN,55,early,548,548,0.04687433719635011,7.0,5.0,0.7182649374008179,0.00015407686441903934
DQN,55,early,549,549,-0.362818706035614,10.0,4.0,0.644875168800354,0.0001838492047681939
DQN,55,early,550,550,-0.25617640018463134,10.0,4.0,0.7675237059593201,0.00018512053429731168
DQN,55,early,551,551,-0.06974805235862731,4.0,2.0,0.1624872386455536,0.0001781884529918898
DQN,55,early,552,552,0.19107836723327637,6.0,4.0,0.6859778761863708,0.00024326986264592657
DQN,55,early,553,553,-0.004990446567535403,5.0,3.0,0.7014652490615845,0.00017356510797981173
DQN,55,early,554,554,-0.10734683036804198,6.0,4.0,0.32253170013427734,0.00014881013703416102
DQN,55,early,555,555,0.0810361695289612,3.0,2.0,0.5904421210289001,0.0002320235847340276
DQN,55,early,556,556,0.04247653722763063,6.0,4.0,0.44998639822006226,0.00015165667718974873
DQN,55,early,557,557,0.08207138061523439,2.0,2.0,0.07137419283390045,0.00014537523384205997
DQN,55,early,558,558,0.09552324056625366,6.0,4.0,0.6990674734115601,0.00012254726971150376
DQN,55,early,559,559,0.1698567295074463,6.0,4.0,0.5194970965385437,0.0001550120311245943
DQN,55,early,560,560,0.12434284567832948,2.0,2.0,0.43483686447143555,0.00013187721197027713
DQN,55,early,561,561,0.09000000000000001,1.0,1.0,0.7500834465026855,0.00017445749836042523
DQN,55,early,562,562,0.009859938621521,3.0,2.0,0.6943938136100769,0.00012794880361373848
DQN,55,early,563,563,0.008649934530258183,3.0,2.0,0.44506222009658813,0.00015334376803366467
DQN,55,early,564,564,0.07060309171676636,3.0,2.0,0.5688543319702148,0.0002216881233228681
DQN,55,early,565,565,0.23460610389709474,2.0,2.0,1.4589022397994995,0.00011285378241154831
DQN,55,early,566,566,-0.1673715567588806,6.0,3.0,0.9660825729370117,0.00013555241942716142
DQN,55,early,567,567,0.10298015356063844,2.0,2.0,0.24300456047058105,0.00014352670768857934
DQN,55,early,568,568,0.01843460083007814,2.0,2.0,0.4450911581516266,0.00018197464669356123
DQN,55,early,569,569,0.13216424703598023,3.0,3.0,0.6045684218406677,0.00016467841487610713
DQN,55,early,570,570,-0.16153477907180785,3.0,3.0,0.9328071475028992,0.00021807099498497942
DQN,55,early,571,571,0.17605211019515993,2.0,2.0,0.8270601630210876,0.00011819609790109098
DQN,55,early,572,572,0.09000000000000001,1.0,1.0,0.6802793145179749,0.00014588111662305892
DQN,55,early,573,573,-0.17165696382522583,6.0,4.0,0.36838194727897644,0.00019290248383185826
DQN,55,early,574,574,0.09000000000000001,1.0,1.0,0.52546626329422,0.00017878413200378418
DQN,55,early,575,575,0.09000000000000001,1.0,1.0,0.8640198707580566,0.0003864657483063638
DQN,55,early,576,576,0.1175851094722748,2.0,2.0,0.4199877381324768,0.00019058238103752956
DQN,55,early,577,577,0.229113347530365,3.0,3.0,0.6476122736930847,0.0002222402011587595
DQN,55,early,578,578,0.07001811981201173,3.0,3.0,0.9383236169815063,0.00012601255245196322
DQN,55,early,579,579,0.15437711954116823,2.0,2.0,0.5931929349899292,0.00021043670130893588
DQN,55,early,580,580,-0.04099201679229737,7.0,4.0,0.690017819404602,0.00027177789888810366
DQN,55,early,581,581,0.09000000000000001,1.0,1.0,0.27530425786972046,0.0002719056501518935
DQN,55,early,582,582,0.2604550290107727,2.0,2.0,0.979570209980011,0.00020157283870503306
DQN,55,early,583,583,0.012753784656524672,5.0,4.0,0.7049528956413269,0.00021526392083615065
DQN,55,early,584,584,-0.28559271812438963,7.0,3.0,0.8916664719581604,0.000177792229806073
DQN,55,early,585,585,0.006936527490615851,3.0,3.0,0.3701449930667877,0.00023980116141804805
DQN,55,early,586,586,0.1798736619949341,2.0,2.0,0.6800560355186462,0.00019644205895019695
DQN,55,early,587,587,0.09877182722091676,2.0,2.0,0.4956187605857849,0.00020755414880113676
DQN,55,early,588,588,0.21086050748825075,2.0,2.0,0.3545667231082916,0.00015621135389665142
DQN,55,early,589,589,-0.06741345882415774,6.0,5.0,0.41944900155067444,0.00019926612731069326
DQN,55,early,590,590,0.09000000000000001,1.0,1.0,0.17496554553508759,0.0002014513302128762
DQN,55,early,591,591,-0.19475781202316284,8.0,4.0,0.5334498882293701,0.0001775462496880209
DQN,55,early,592,592,0.188052134513855,2.0,2.0,0.31302371621131897,0.00014932600970496424
DQN,55,early,593,593,0.08742294669151307,4.0,3.0,0.4770343005657196,0.00017540028966323007
DQN,55,early,594,594,-0.42700244188308717,10.0,4.0,0.9178341627120972,0.00019055858138017356
DQN,55,early,595,595,0.15554697036743165,3.0,3.0,0.7161392569541931,0.00027827692004696775
DQN,55,early,596,596,-0.060888454318046556,5.0,4.0,0.1184520497918129,0.0001588843690115027
DQN,55,early,597,597,0.09000000000000001,1.0,1.0,0.656641960144043,0.00018133742560166866
DQN,55,early,598,598,-0.6699911707639695,9.0,4.0,0.6304506063461304,0.00016506126323494956
DQN,55,early,599,599,0.021920630931854243,4.0,3.0,0.7679476141929626,0.00015511382116528694
DQN,55,early,600,600,-0.0064615416526794395,3.0,2.0,0.7803298234939575,0.00018005701713263988
DQN,55,early,601,601,-0.021463146209716802,4.0,3.0,0.12622304260730743,0.0002581549415481277
DQN,55,early,602,602,0.16823882818222047,4.0,3.0,0.7043472528457642,0.00022572431771550328
DQN,55,early,603,603,0.037038583755493175,3.0,2.0,0.3582930266857147,0.00017164889383517826
DQN,55,early,604,604,0.0639553588628769,3.0,3.0,0.20557889342308044,0.00010407422572219123
DQN,55,early,605,605,0.32721460819244386,4.0,3.0,0.6469311714172363,0.0001621090377739165
DQN,55,early,606,606,0.09000000000000001,1.0,1.0,0.2250894010066986,0.00010640238178893924
DQN,55,early,607,607,-0.07119040012359619,2.0,2.0,1.2380183935165405,0.000161764161020983
DQN,55,early,608,608,0.09906228065490724,2.0,2.0,0.7036684155464172,0.0002016109792748466
DQN,55,early,609,609,0.09000000000000001,1.0,1.0,1.0857994556427002,0.00010837777517735958
DQN,55,early,610,610,-0.03464273691177368,3.0,2.0,0.7082135081291199,0.00010898984328377992
DQN,55,early,611,611,0.09870423793792725,3.0,2.0,0.6854921579360962,0.00016847975348355249
DQN,55,early,612,612,0.09000000000000001,1.0,1.0,1.5446702241897583,0.00015390390763059258
DQN,55,early,613,613,-0.08427450299262997,4.0,4.0,0.3088831305503845,0.00022878746312926523
DQN,55,early,614,614,0.07861817836761475,4.0,3.0,0.6059655547142029,0.00020050541206728667
DQN,55,early,615,615,-0.06149386405944825,4.0,3.0,0.5676862597465515,0.00012016756409138907
DQN,55,early,616,616,0.15791035413742066,3.0,3.0,0.2569239139556885,0.00020239335329582295
DQN,55,early,617,617,0.08154600381851199,8.0,5.0,0.7227464914321899,0.00019114011502097128
DQN,55,early,618,618,0.012232590913772587,3.0,2.0,0.32504579424858093,0.00018369067402090877
DQN,55,early,619,619,0.09545243263244628,7.0,4.0,0.8432155847549438,0.0001425218246627732
DQN,55,early,620,620,-0.12372528314590454,5.0,3.0,0.534532368183136,0.00011079738178523257
DQN,55,early,621,621,0.1739448833465576,7.0,5.0,0.9534969329833984,0.00019792792279206748
DQN,55,early,622,622,0.1507159447669983,4.0,4.0,0.9252493977546692,0.00024562991529819556
DQN,55,early,623,623,0.09000000000000001,1.0,1.0,0.12180839478969574,0.00012057770800311118
DQN,55,early,624,624,0.09000000000000001,1.0,1.0,0.58809894323349,0.00031806965125724673
DQN,55,early,625,625,0.10188387155532837,8.0,6.0,0.5669939517974854,0.00014191126410878496
DQN,55,early,626,626,0.09000000000000001,1.0,1.0,0.5292717814445496,0.0002086803870042786
DQN,55,early,627,627,0.09000000000000001,1.0,1.0,0.09098969399929047,7.742115849396214e-05
DQN,55,early,628,628,0.09000000000000001,1.0,1.0,0.6188000440597534,8.973937656264752e-05
DQN,55,early,629,629,-0.11162502288818356,7.0,5.0,0.7723031640052795,0.00019711634792786623
DQN,55,early,630,630,0.09000000000000001,1.0,1.0,0.6550948023796082,0.0003103847848251462
DQN,55,early,631,631,0.09000000000000001,1.0,1.0,0.17977407574653625,0.00013444709475152194
DQN,55,early,632,632,0.04480298042297364,2.0,2.0,0.3557211458683014,0.00026274121773894876
DQN,55,early,633,633,0.14394707202911378,3.0,3.0,1.0398366451263428,0.00026436130186387646
DQN,55,early,634,634,0.21674657821655274,4.0,3.0,1.1400034427642822,0.00022235173673834652
DQN,55,early,635,635,-0.14428559184074402,4.0,4.0,0.5192660093307495,0.0002821258494805079
DQN,55,early,636,636,-0.16436030745506286,3.0,3.0,0.5339646935462952,0.00022944522303684303
DQN,55,early,637,637,-0.3337965989112854,9.0,3.0,0.9475330710411072,0.00025446076405286376
DQN,55,early,638,638,0.034469501972198495,2.0,2.0,0.6545416116714478,0.00018698508210945874
DQN,55,early,639,639,0.08016647815704347,3.0,2.0,0.8605923056602478,0.00023941039883842072
DQN,55,early,640,640,0.08842934846878053,2.0,2.0,0.534858226776123,0.00023870484437793493
DQN,55,early,641,641,-0.22604450702667234,7.0,2.0,0.8754600882530212,0.00015084987327489735
DQN,55,early,642,642,-0.206763231754303,10.0,5.0,0.6233736872673035,0.00022631043757428415
DQN,55,early,643,643,0.09000000000000001,1.0,1.0,1.365262746810913,0.00021262069640215486
DQN,55,early,644,644,-0.08055665850639342,6.0,4.0,0.472333163022995,0.00022657444545378289
DQN,55,early,645,645,0.01040446758270265,5.0,4.0,0.6383573412895203,0.0002480571216437966
DQN,55,early,646,646,-0.008918278217315653,3.0,3.0,0.3703339099884033,0.0003473726974334568
DQN,55,early,647,647,-0.09162048816680908,2.0,2.0,0.7293164134025574,0.00032579743856331334
DQN,55,early,648,648,0.09000000000000001,1.0,1.0,0.42731794714927673,0.00016057566972449422
DQN,55,early,649,649,0.051052994728088386,3.0,3.0,0.8191336393356323,0.00039167458210916567
DQN,55,early,650,650,-0.026528431177139267,2.0,2.0,0.47974273562431335,0.0002997380215674639
DQN,55,early,651,651,0.019513238668441776,3.0,2.0,0.45040756464004517,0.00033684536174405366
DQN,55,early,652,652,0.1593992578983307,2.0,2.0,0.4535728991031647,0.0002218650988652371
DQN,55,early,653,653,0.09000000000000001,1.0,1.0,0.11829271167516708,0.00025804847246035933
DQN,55,early,654,654,0.07077376723289491,2.0,2.0,0.42406055331230164,0.00016345959738828242
DQN,55,early,655,655,0.09000000000000001,1.0,1.0,0.16386935114860535,0.00040904682828113437
DQN,55,early,656,656,0.006690866947174093,3.0,3.0,0.4590158462524414,0.00026812630918963504
DQN,55,early,657,657,-0.11530297040939332,4.0,3.0,0.478849321603775,0.00020687013602582738
DQN,55,early,658,658,0.1996948790550232,3.0,3.0,0.6585801839828491,0.0001971388846868649
DQN,55,early,659,659,-0.07857663512229919,3.0,2.0,0.5935800671577454,0.00024783949872168404
DQN,55,early,660,660,-0.10228108406066892,4.0,3.0,0.938364565372467,0.00026461877496331
DQN,55,early,661,661,0.13609130859375002,2.0,2.0,0.6562228202819824,0.0001612160303920973
DQN,55,early,662,662,0.09000000000000001,1.0,1.0,0.2684466242790222,0.00029991468181833625
DQN,55,early,663,663,0.08564008951187135,2.0,2.0,0.7435449957847595,0.00020416575716808438
DQN,55,early,664,664,0.1051141393184662,3.0,3.0,0.2993263602256775,0.00032455925732695806
DQN,55,early,665,665,0.09000000000000001,1.0,1.0,0.18914084136486053,0.00018604118668008596
DQN,55,early,666,666,0.09000000000000001,1.0,1.0,0.45480844378471375,0.00030082499142736197
DQN,55,early,667,667,-0.10187094509601592,5.0,2.0,0.21949134767055511,0.00021035013778600842
DQN,55,early,668,668,0.09000000000000001,1.0,1.0,0.3669285774230957,0.00019582353706937283
DQN,55,early,669,669,0.09000000000000001,1.0,1.0,0.4698171615600586,0.0001611371844774112
DQN,55,early,670,670,-0.008524227142333987,5.0,3.0,0.6745412945747375,0.00028705219738185407
DQN,55,early,671,671,0.09000000000000001,1.0,1.0,0.5850118398666382,0.00021597470913548023
DQN,55,early,672,672,-0.19250318527221677,7.0,2.0,0.6785007119178772,0.00025373039950084476
DQN,55,early,673,673,0.158445702791214,2.0,2.0,0.24461650848388672,0.0001338918154942803
DQN,55,early,674,674,0.04715646266937256,4.0,3.0,0.31889909505844116,0.00014208312313712668
DQN,55,early,675,675,0.15801402151584626,3.0,3.0,0.22853250801563263,0.00019336995319463313
DQN,55,early,676,676,0.09000000000000001,1.0,1.0,0.817398190498352,0.00017821909568738192
DQN,55,early,677,677,0.033688611984252936,3.0,3.0,0.5894554257392883,0.00022221642817991474
DQN,55,early,678,678,0.09000000000000001,1.0,1.0,0.3167683780193329,0.00012733980838675052
DQN,55,early,679,679,0.09000000000000001,1.0,1.0,0.317141592502594,0.00011839869694085792
DQN,55,early,680,680,0.09000000000000001,1.0,1.0,1.0409749746322632,0.0001716138212941587
DQN,55,early,681,681,0.32293010473251343,3.0,3.0,0.5221028923988342,0.00017348719605555138
DQN,55,early,682,682,0.09000000000000001,1.0,1.0,0.5167206525802612,0.00012672709999606013
DQN,55,early,683,683,-0.1822874307632446,10.0,6.0,1.199475646018982,0.0001514359799330123
DQN,55,early,684,684,0.07930291414260865,3.0,3.0,0.5628274083137512,0.00019074376905336976
DQN,55,early,685,685,-0.014676047563552841,2.0,2.0,0.46204525232315063,0.00012866158431279473
DQN,55,early,686,686,-0.09083465248346327,6.0,4.0,0.12569980323314667,0.0001589751833914003
DQN,55,early,687,687,0.23544939041137697,2.0,2.0,0.5694772005081177,8.25032839202322e-05
DQN,55,early,688,688,0.03117533206939698,2.0,2.0,0.7732273936271667,0.0001571411412442103
DQN,55,early,689,689,-0.03473886668682097,2.0,2.0,0.2083570808172226,0.00018383177666692063
DQN,55,early,690,690,0.09000000000000001,1.0,1.0,0.12329202145338058,0.0001304291799897328
DQN,55,early,691,691,0.009488232135772726,3.0,3.0,0.6338440775871277,0.00014980798247658336
DQN,55,early,692,692,0.13449116230010988,2.0,2.0,0.759975254535675,0.00015230593999149278
DQN,55,early,693,693,0.14900935947895053,4.0,4.0,0.22307635843753815,0.00012902944399684202
DQN,55,early,694,694,-0.2749585223197937,7.0,2.0,0.8796480894088745,0.00020577449218503067
DQN,55,early,695,695,-0.1420128321647644,6.0,4.0,0.4280799329280853,0.0001905018167841869
DQN,55,early,696,696,0.11758615255355837,2.0,2.0,0.8665804266929626,0.00020723598572658375
DQN,55,early,697,697,0.07343258380889893,3.0,2.0,0.27734559774398804,0.00022814007631192604
DQN,55,early,698,698,0.08381003856658936,3.0,3.0,0.6791836619377136,0.00016657940189664563
DQN,55,early,699,699,-0.034225754737854,3.0,3.0,0.806817352771759,0.00026726654323283583
DQN,55,early,700,700,0.09811581373214721,5.0,3.0,0.9799461960792542,0.0001823952974518761
DQN,55,early,701,701,0.33692634105682373,5.0,4.0,1.0254757404327393,0.00017605773464310915
DQN,55,early,702,702,-0.08358285903930664,8.0,3.0,1.0063459873199463,0.00017877196023619035
DQN,55,early,703,703,0.015570657253265396,2.0,2.0,0.6316505670547485,0.00038396297895815223
DQN,55,early,704,704,0.09000000000000001,1.0,1.0,0.43720823526382446,0.00017333310097455978
DQN,55,early,705,705,0.09000000000000001,1.0,1.0,0.08725089579820633,0.00023090267495717853
DQN,55,early,706,706,-0.04867294013500213,3.0,2.0,0.317990243434906,0.0002468430466251448
DQN,55,early,707,707,-0.18117883324623107,7.0,4.0,0.38903674483299255,0.0001820441705474098
DQN,55,early,708,708,-0.1069872760772705,9.0,3.0,0.7916119694709778,0.00024871580373857997
DQN,55,early,709,709,0.36578519821166994,2.0,2.0,0.6638565063476562,0.0003628472040873021
DQN,55,early,710,710,0.057601968050003054,4.0,3.0,0.2735418677330017,0.000238155360420933
DQN,55,early,711,711,0.16210155010223393,8.0,6.0,0.9404211044311523,0.00019101585894532036
DQN,55,early,712,712,0.09000000000000001,1.0,1.0,0.2082289159297943,9.911217057378963e-05
DQN,55,early,713,713,-0.08072762966156004,3.0,3.0,0.7165370583534241,0.0002707574700859065
DQN,55,early,714,714,0.10446604013442995,3.0,2.0,0.7914299368858337,0.00018191346316598356
DQN,55,early,715,715,0.02117366552352906,4.0,3.0,0.1923622339963913,0.00014293262211140245
DQN,55,early,716,716,0.02979846000671387,5.0,3.0,1.1799887418746948,0.0002819696703227237
DQN,55,early,717,717,-0.03731167793273925,8.0,5.0,0.9190558195114136,0.00019688350039359648
DQN,55,early,718,718,-0.0006562802195548972,3.0,2.0,0.10833386331796646,0.00024397470891320458
DQN,55,early,719,719,0.02020011067390444,3.0,3.0,0.47411343455314636,0.00019399316321747997
DQN,55,early,720,720,0.19827426671981813,5.0,3.0,0.922387421131134,0.00023133572831284254
DQN,55,early,721,721,0.13595118880271911,4.0,4.0,0.28173014521598816,0.00018885703320847824
DQN,55,early,722,722,-0.13769154787063598,4.0,3.0,0.4686344265937805,0.00015957985851855483
DQN,55,early,723,723,0.11451072216033936,3.0,3.0,0.1615772694349289,0.00023617485809760788
DQN,55,early,724,724,0.09000000000000001,1.0,1.0,0.32675647735595703,0.00014722363266628236
DQN,55,early,725,725,0.15337659597396852,2.0,2.0,0.3052714169025421,0.00021129292144905776
DQN,55,early,726,726,-0.007843198776245092,4.0,4.0,0.8058765530586243,0.0001846708109951578
DQN,55,early,727,727,-0.24661680459976199,10.0,5.0,0.9773380160331726,0.0001731818418193143
DQN,55,early,728,728,0.17374564170837403,4.0,3.0,0.5328382849693298,0.00020733349083457142
DQN,55,early,729,729,0.05226151108741761,4.0,3.0,0.28988465666770935,0.00017108624524553306
DQN,55,early,730,730,0.07137473106384279,2.0,2.0,0.3175009787082672,0.0001512705784989521
DQN,55,early,731,731,0.1950983476638794,3.0,3.0,0.7255629301071167,0.00018328407895751297
DQN,55,early,732,732,0.10617923736572266,5.0,4.0,0.5528537631034851,0.00021436050010379404
DQN,55,early,733,733,-0.023960757255554188,5.0,3.0,0.9038200378417969,0.00020392885780893267
DQN,55,early,734,734,0.09000000000000001,1.0,1.0,0.4206266403198242,0.0002253924321848899
DQN,55,early,735,735,-0.04991918087005613,3.0,3.0,0.7911269068717957,0.00010904388182098046
DQN,55,early,736,736,0.0005869960784912198,4.0,3.0,0.6194049715995789,8.935058576753363e-05
DQN,55,early,737,737,-0.1806476044654846,8.0,4.0,0.6106496453285217,0.0001611532916285796
DQN,55,early,738,738,0.18081869363784792,2.0,2.0,0.7929983139038086,0.00020389232668094337
DQN,55,early,739,739,-0.04069241166114805,3.0,3.0,0.38781997561454773,0.00011367300855151068
DQN,55,early,740,740,0.09000000000000001,1.0,1.0,0.18287132680416107,0.00014219016884453595
DQN,55,early,741,741,0.04411645412445069,2.0,2.0,0.6122921109199524,0.0001868691178970039
DQN,55,early,742,742,0.07241897463798525,2.0,2.0,0.37116023898124695,0.00012106691065127961
DQN,55,early,743,743,0.09000000000000001,1.0,1.0,0.24921324849128723,7.901889330241829e-05
DQN,55,early,744,744,0.20078289270401,4.0,4.0,0.8032073974609375,0.00014529562577081379
DQN,55,early,745,745,-0.03981391370296476,3.0,3.0,0.2851627767086029,0.0001358391746180132
DQN,55,early,746,746,0.1288288700580597,2.0,2.0,0.24457085132598877,9.86732411547564e-05
DQN,55,early,747,747,0.2432661819458008,2.0,2.0,0.8307105302810669,0.0001404150498274248
DQN,55,early,748,748,0.21935911655426027,2.0,2.0,0.7816920280456543,0.00014978456601966172
DQN,55,early,749,749,0.14541036605834962,3.0,3.0,0.5993555784225464,0.00010981660549684118
DQN,55,early,750,750,-0.014480094909667965,3.0,2.0,0.861210823059082,8.932187241346885e-05
DQN,55,early,751,751,0.09000000000000001,1.0,1.0,0.859541118144989,0.00017355402815155685
DQN,55,early,752,752,0.09000000000000001,1.0,1.0,0.07798077166080475,0.00012654167949222028
DQN,55,early,753,753,-0.06588666677474973,4.0,3.0,0.5562514066696167,0.000173250929947244
DQN,55,early,754,754,0.09000000000000001,1.0,1.0,0.5816329121589661,0.00019595553749240935
DQN,55,early,755,755,-0.28499920964241027,5.0,3.0,0.7239671349525452,0.0002124807331711054
DQN,55,early,756,756,0.02020323514938356,6.0,4.0,0.6368791460990906,0.00022488017809034014
DQN,55,early,757,757,0.0013769936561584678,3.0,3.0,0.6680393218994141,0.0002727109919457386
DQN,55,early,758,758,0.06118099570274354,2.0,2.0,0.49251994490623474,0.00014889832527842373
DQN,55,early,759,759,-0.06533708214759827,4.0,3.0,0.5517498254776001,0.0003595521775423549
DQN,55,early,760,760,-0.03175247430801391,7.0,5.0,0.35862118005752563,0.00018021606956608593
DQN,55,early,761,761,-0.0013210630416869984,6.0,3.0,0.6441278457641602,0.00018937235290650278
DQN,55,early,762,762,0.014355281591415414,4.0,3.0,0.4117666780948639,0.00019048287140321918
DQN,55,early,763,763,0.2221998143196106,2.0,2.0,0.5306883454322815,0.00015579640603391454
DQN,55,early,764,764,0.09000000000000001,1.0,1.0,0.8580851554870605,0.0001647710014367476
DQN,55,early,765,765,-0.25390910148620605,9.0,4.0,0.6270508170127869,0.00019959033832290315
DQN,55,early,766,766,-0.3449201440811157,6.0,3.0,0.44650721549987793,0.000146762892351641
DQN,55,early,767,767,0.04220066189765931,3.0,3.0,0.297456294298172,0.00016070076526375487
DQN,55,early,768,768,-0.24581917643547058,7.0,4.0,0.4237847626209259,0.000192823436269204
DQN,55,early,769,769,0.09000000000000001,1.0,1.0,0.8684230446815491,0.000117812494863756
DQN,55,early,770,770,0.09000000000000001,1.0,1.0,0.8314204812049866,0.00013201538240537047
DQN,55,early,771,771,0.25171340227127076,3.0,3.0,0.8804145455360413,0.00012050394191949938
DQN,55,early,772,772,0.09000000000000001,1.0,1.0,0.8277797102928162,0.00018864849698729813
DQN,55,early,773,773,0.17168920159339907,3.0,2.0,0.40313413739204407,0.0001540556040708907
DQN,55,early,774,774,0.1363357400894165,4.0,3.0,0.7951295971870422,0.00020203541134833358
DQN,55,early,775,775,0.09000000000000001,1.0,1.0,0.28476735949516296,0.00012247617996763438
DQN,55,early,776,776,0.021141180992126474,4.0,3.0,0.4186021387577057,0.0003481862731860019
DQN,55,early,777,777,0.1851599979400635,2.0,2.0,0.7639886140823364,0.00026480369706405327
DQN,55,early,778,778,0.25610458374023437,8.0,5.0,0.5611124038696289,0.0001936228372869664
DQN,55,early,779,779,0.03432085514068606,10.0,3.0,0.6471689939498901,0.00018473735835868865
DQN,55,early,780,780,-0.18097708225250242,5.0,2.0,0.1554049253463745,0.00017076371877919883
DQN,55,early,781,781,0.09000000000000001,1.0,1.0,0.2954139709472656,8.467101724818349e-05
DQN,55,early,782,782,0.046185202598571784,3.0,3.0,0.5886728167533875,0.00023312444197169194
DQN,55,early,783,783,0.06785900115966798,3.0,3.0,0.7875234484672546,0.00019835482817143202
DQN,55,early,784,784,0.09000000000000001,1.0,1.0,0.2402329295873642,0.00019093327864538878
DQN,55,early,785,785,0.3563427996635437,3.0,3.0,0.7404144406318665,0.00029588556208182126
DQN,55,early,786,786,0.4660663080215454,3.0,3.0,1.1343309879302979,0.0001376364355868039
DQN,55,early,787,787,0.13564039945602419,2.0,2.0,0.5938979387283325,0.00012052872989443131
DQN,55,early,788,788,0.09501148462295533,5.0,3.0,0.842070996761322,0.0001606586534762755
DQN,55,early,789,789,0.16315115213394166,8.0,4.0,0.6086528897285461,0.0001637952836972545
DQN,55,early,790,790,0.6143353748321533,2.0,2.0,1.1644755601882935,0.00015560937754344195
DQN,55,early,791,791,0.0580944585800171,2.0,2.0,0.44442257285118103,0.00013366515122470446
DQN,55,early,792,792,0.20361185789108277,3.0,3.0,0.5222764015197754,0.0001663639850448817
DQN,55,early,793,793,0.07247530102729799,2.0,2.0,0.3923763632774353,0.00010311434743925929
DQN,55,early,794,794,-0.10221752762794493,4.0,4.0,0.43098536133766174,0.00014062667105463333
DQN,55,early,795,795,0.02463369488716126,3.0,2.0,0.2865438461303711,0.00017149962756472328
DQN,55,early,796,796,0.1267319416999817,4.0,3.0,0.9874686598777771,0.0001508529530838132
DQN,55,early,797,797,0.07956205487251283,2.0,2.0,0.45368120074272156,0.00016892753410502337
DQN,55,early,798,798,0.23773567557334901,2.0,2.0,0.46002933382987976,0.00011462170732556842
DQN,55,early,799,799,0.0626214909553528,2.0,2.0,0.16975037753582,9.495564518147148e-05
DQN,55,early,800,800,-0.031275877952575665,6.0,5.0,1.0707995891571045,0.00032769996929952566
DQN,55,early,801,801,-0.06160310745239257,4.0,2.0,0.8260261416435242,0.0001785840267984895
DQN,55,early,802,802,0.09000000000000001,1.0,1.0,0.9566634297370911,0.00020571023924276233
DQN,55,early,803,803,0.12026830196380617,2.0,2.0,0.46506017446517944,0.0002686590523808263
DQN,55,early,804,804,0.07770938396453858,3.0,3.0,0.35279613733291626,0.00016766247669390091
DQN,55,early,805,805,0.06089645624160767,5.0,4.0,0.8442922234535217,0.00019854279817081987
DQN,55,early,806,806,0.09000000000000001,1.0,1.0,0.20793874561786652,0.00017262971960008144
DQN,55,early,807,807,-0.07832729101181028,3.0,3.0,0.93837970495224,0.00012124048710878317
DQN,55,early,808,808,0.000437693595886246,2.0,2.0,0.7144336700439453,0.00024455397215206176
DQN,55,early,809,809,-0.348846595287323,8.0,3.0,0.8493968844413757,0.00021842911155545153
DQN,55,early,810,810,-0.22509236335754396,10.0,6.0,0.7824400663375854,0.00019076254102401435
DQN,55,early,811,811,0.09000000000000001,1.0,1.0,0.38581031560897827,0.0001576897338964045
DQN,55,early,812,812,0.09000000000000001,1.0,1.0,0.5735637545585632,0.00013705191668123007
DQN,55,early,813,813,-0.009667615890502926,3.0,2.0,0.796930730342865,0.00016380442442217222
DQN,55,early,814,814,0.09000000000000001,1.0,1.0,0.19430038332939148,0.0001280680444324389
DQN,55,early,815,815,0.021979577541351325,3.0,3.0,0.48904725909233093,0.0001674001662953136
DQN,55,early,816,816,0.27161030650138857,2.0,2.0,0.3648795783519745,0.00019268554024165496
DQN,55,early,817,817,-0.014271659851074203,2.0,2.0,0.5235890746116638,0.00012902932212455198
DQN,55,early,818,818,0.055058107376098606,9.0,6.0,0.6751050353050232,0.00020054468526116884
DQN,55,early,819,819,0.015587272047996537,2.0,2.0,0.2336859405040741,0.00022023920610081404
DQN,55,early,820,820,0.16769237995147707,2.0,2.0,0.2557739019393921,9.608367327018641e-05
DQN,55,early,821,821,-0.06509757041931151,5.0,4.0,0.35278740525245667,0.00017053101910278202
DQN,55,early,822,822,0.11062599897384645,2.0,2.0,0.48192960023880005,0.00019429084204602987
DQN,55,early,823,823,0.09000000000000001,1.0,1.0,0.7206084132194519,0.0001389460521750152
DQN,55,early,824,824,0.07465941429138184,3.0,3.0,0.6357564330101013,0.00013050888082943857
DQN,55,early,825,825,-0.08886204719543457,6.0,3.0,0.6005731225013733,0.000130890356861831
DQN,55,early,826,826,0.011513980031013504,2.0,2.0,0.17200732231140137,0.00014167590416036546
DQN,55,early,827,827,0.09000000000000001,1.0,1.0,0.415653258562088,0.00015009524940978736
DQN,55,early,828,828,0.1406488585472107,2.0,2.0,0.36730465292930603,0.00018275672482559457
DQN,55,early,829,829,0.09000000000000001,1.0,1.0,0.30997827649116516,0.0002594533725641668
DQN,55,early,830,830,-0.03576437950134277,2.0,2.0,0.8251290917396545,0.00021188527898630127
DQN,55,early,831,831,0.09000000000000001,1.0,1.0,0.20988622307777405,0.00026491840253584087
DQN,55,early,832,832,0.040683249235153214,4.0,3.0,0.36911195516586304,0.0002410038468951825
DQN,55,early,833,833,-0.21792765974998474,7.0,4.0,0.5852142572402954,0.00019387808320711235
DQN,55,early,834,834,0.24936772108078004,3.0,3.0,0.8700498938560486,0.0003867760436454167
DQN,55,early,835,835,0.09000000000000001,1.0,1.0,0.4597185254096985,0.0002819495857693255
DQN,55,early,836,836,0.02305146217346192,4.0,2.0,1.0037115812301636,0.00014021630340721458
DQN,55,early,837,837,0.07771997332572939,2.0,2.0,0.19607485830783844,0.0002736929163802415
DQN,55,early,838,838,0.09000000000000001,1.0,1.0,0.08718537539243698,0.0002506501041352749
DQN,55,early,839,839,0.05609484434127808,3.0,2.0,0.7823891639709473,0.00012581285409396514
DQN,55,early,840,840,-0.103513240814209,5.0,4.0,0.7489033937454224,0.0002784359239740297
DQN,55,early,841,841,-0.02905295372009277,3.0,2.0,0.7497152090072632,0.0003046466299565509
DQN,55,early,842,842,0.09000000000000001,1.0,1.0,0.7015267014503479,0.0001506265689386055
DQN,55,early,843,843,-0.01882062435150146,3.0,2.0,0.5478331446647644,0.00014070186928923553
DQN,55,early,844,844,0.01878214597702027,3.0,3.0,0.6782513856887817,0.00016138987363471338
DQN,55,early,845,845,0.11421866893768312,2.0,2.0,0.33893802762031555,0.0001729758660076186
DQN,55,early,846,846,-0.1476441407203674,4.0,2.0,1.0192393064498901,0.00016630138998152688
DQN,55,early,847,847,0.19118148803710938,3.0,3.0,0.6633860468864441,0.00019679986386715123
DQN,55,early,848,848,0.1313785481452942,2.0,2.0,0.8921170830726624,0.0001677155596553348
DQN,55,early,849,849,0.01673454761505129,3.0,3.0,0.5635589957237244,0.00036739853385370225
DQN,55,early,850,850,-0.1463270115852356,3.0,3.0,0.452294260263443,0.00030312876333482563
DQN,55,early,851,851,0.12310458898544313,2.0,2.0,0.8669367432594299,0.0001978993896045722
DQN,55,early,852,852,0.09000000000000001,1.0,1.0,0.11606532335281372,0.0002046633599093184
DQN,55,early,853,853,-0.07630972027778625,6.0,5.0,0.46312448382377625,0.00017242415924556553
DQN,55,early,854,854,0.09000000000000001,1.0,1.0,0.10581301897764206,0.00020806652901228517
DQN,55,early,855,855,-0.1637874960899353,10.0,6.0,0.516880989074707,0.0002831822959706187
DQN,55,early,856,856,0.3236880320310593,2.0,2.0,0.21805839240550995,0.0002503115247236565
DQN,55,early,857,857,0.09000000000000001,1.0,1.0,0.8523917198181152,0.0004932755255140364
DQN,55,early,858,858,0.09000000000000001,1.0,1.0,0.18807803094387054,0.0001733470126055181
DQN,55,early,859,859,0.02263182401657106,5.0,4.0,0.6559218764305115,0.0002516897744499147
DQN,55,early,860,860,0.09373654127120973,5.0,3.0,0.6741172671318054,0.00020867234998149796
DQN,55,early,861,861,0.24832256317138673,2.0,2.0,0.938867449760437,0.0003465886984486133
DQN,55,early,862,862,-0.0783287191390991,4.0,3.0,0.9422251582145691,0.00025386371271451935
DQN,55,early,863,863,0.14381273269653322,2.0,2.0,1.6598800420761108,0.00017632526578381658
DQN,55,early,864,864,0.0016657876968383944,2.0,2.0,0.6582945585250854,0.000202696566702798
DQN,55,early,865,865,-0.005417642593383801,6.0,4.0,1.2461217641830444,0.0002771882233597959
DQN,55,early,866,866,0.09000000000000001,1.0,1.0,0.47707509994506836,0.00021837314125150442
DQN,55,early,867,867,0.02636323332786561,4.0,3.0,0.40188032388687134,0.0001507931410742458
DQN,55,early,868,868,0.09066457509994508,4.0,3.0,0.6939821243286133,0.00019207317745895125
DQN,55,early,869,869,0.1068990993499756,2.0,2.0,0.6723138689994812,0.00023590483760926872
DQN,55,early,870,870,-0.22107117414474486,4.0,3.0,1.007455587387085,0.00013894683979742695
DQN,55,early,871,871,0.07373384594917298,4.0,3.0,0.38834279775619507,0.00017446016863686964
DQN,55,early,872,872,0.047002999037504205,2.0,2.0,0.09277958422899246,0.00018694625759962946
DQN,55,early,873,873,0.03624286174774171,3.0,2.0,1.1529457569122314,9.918994085940842e-05
DQN,55,early,874,874,0.09000000000000001,1.0,1.0,0.3172783851623535,6.432662485167384e-05
DQN,55,early,875,875,0.09072221994400026,2.0,2.0,0.6132745146751404,0.00017147976177511737
DQN,55,early,876,876,0.051019378900527955,6.0,6.0,0.2971576750278473,0.0002390573475471077
DQN,55,early,877,877,0.05503095149993897,4.0,3.0,0.697550356388092,0.00024472689256072044
DQN,55,early,878,878,0.182387934923172,2.0,2.0,0.46048691868782043,0.00023940985556691885
DQN,55,early,879,879,-0.3377352261543274,4.0,3.0,0.8537166714668274,0.0002484622673364356
DQN,55,early,880,880,-0.026509444713592525,3.0,2.0,0.6546099781990051,0.00028613936350060004
DQN,55,early,881,881,0.013272960186004643,3.0,2.0,0.6258635520935059,0.0003019775516198327
DQN,55,early,882,882,0.10457783162593842,3.0,3.0,0.2284700721502304,0.00023789951228536665
DQN,55,early,883,883,0.09000000000000001,1.0,1.0,0.13633368909358978,0.00010284730524290353
DQN,55,early,884,884,0.19684978008270265,2.0,2.0,0.9314723014831543,0.00023309955577133223
DQN,55,early,885,885,0.05270981788635255,5.0,4.0,0.8475660681724548,0.0002389731351286173
DQN,55,early,886,886,0.2684634327888489,5.0,4.0,0.7481628060340881,0.00028089371626265346
DQN,55,early,887,887,-0.022222862243652344,6.0,3.0,0.7890676259994507,0.00022620380332227796
DQN,55,early,888,888,0.09023720741271973,3.0,3.0,0.8122532963752747,0.00023387269175145775
DQN,55,early,889,889,-0.4651661038398743,10.0,4.0,0.9388276934623718,0.0001896235284220893
DQN,55,early,890,890,0.1261699962615967,2.0,2.0,0.5275180339813232,0.00033898165565915406
DQN,55,early,891,891,-0.04300296366214752,6.0,3.0,0.22231890261173248,0.00026274756964994594
DQN,55,early,892,892,0.09000000000000001,1.0,1.0,0.8619351387023926,0.00010768183710752055
DQN,55,early,893,893,0.09000000000000001,1.0,1.0,0.298196941614151,0.0002808327553793788
DQN,55,early,894,894,0.06145359754562379,2.0,2.0,0.9019419550895691,0.0004813506457139738
DQN,55,early,895,895,0.09000000000000001,1.0,1.0,0.7527995109558105,0.0003244461549911648
DQN,55,early,896,896,0.041457565426826486,2.0,2.0,0.20566608011722565,0.00047637266106903553
DQN,55,early,897,897,0.09000000000000001,1.0,1.0,0.3917383551597595,0.00022003406775183976
DQN,55,early,898,898,0.08170582532882692,2.0,2.0,0.4908280670642853,0.0003961951733799651
DQN,55,early,899,899,0.04702498197555543,2.0,2.0,0.9758384823799133,0.000170761595654767
DQN,55,early,900,900,-0.06285673141479493,6.0,4.0,0.8985734581947327,0.00019645835952057192
DQN,55,early,901,901,0.0739330965280533,2.0,2.0,0.17306873202323914,0.0001515579060651362
DQN,55,early,902,902,0.05792808532714844,5.0,4.0,0.537143886089325,0.0002075063530355692
DQN,55,early,903,903,0.10879309654235841,2.0,2.0,0.33676454424858093,0.0001517382261226885
DQN,55,early,904,904,0.08413618236780168,2.0,2.0,0.08096618205308914,0.00014313526480691507
DQN,55,early,905,905,-0.024394137859344467,2.0,2.0,0.8604601621627808,0.00014665524940937757
DQN,55,early,906,906,0.2778764832019806,2.0,2.0,0.46469977498054504,0.00013009618851356208
DQN,55,early,907,907,0.09000000000000001,1.0,1.0,0.3091013431549072,0.00016683980356901884
DQN,55,early,908,908,0.09000000000000001,1.0,1.0,0.6556530594825745,7.852926501072943e-05
DQN,55,early,909,909,-0.0004921460151672413,4.0,3.0,0.29974889755249023,0.0001378759934596019
DQN,55,early,910,910,0.09000000000000001,1.0,1.0,0.977366030216217,0.00011841123341582716
DQN,55,early,911,911,0.13699098110198976,2.0,2.0,0.6649207472801208,0.0001684204617049545
DQN,55,early,912,912,0.09000000000000001,1.0,1.0,0.5500982403755188,0.0001756930141709745
DQN,55,early,913,913,0.03823964476585389,2.0,2.0,0.16365161538124084,7.706485484959558e-05
DQN,55,early,914,914,-0.14884365618228912,7.0,4.0,0.2241884469985962,0.00014122288640854613
DQN,55,early,915,915,0.09000000000000001,1.0,1.0,0.6081225275993347,0.00015970661479514092
DQN,55,early,916,916,0.09000000000000001,1.0,1.0,0.3629383444786072,0.00010578209185041487
DQN,55,early,917,917,-0.11472970008850096,6.0,4.0,0.3808724284172058,0.0001940679612744134
DQN,55,early,918,918,0.17313886404037476,3.0,3.0,0.8702355027198792,0.00013303586456459016
DQN,55,early,919,919,-0.0347136092185974,2.0,2.0,0.8459624648094177,0.0003407979238545522
DQN,55,early,920,920,-0.04893170118331909,2.0,2.0,0.7928996086120605,9.134460924542509e-05
DQN,55,early,921,921,-0.21767210006713866,4.0,3.0,0.5557427406311035,0.00019697575771715492
DQN,55,early,922,922,0.20219977378845216,2.0,2.0,0.8182783722877502,0.00012983649503439665
DQN,55,early,923,923,-0.003914465904235831,4.0,3.0,0.412259042263031,0.000112096040538745
DQN,55,early,924,924,0.09000000000000001,1.0,1.0,0.5444989800453186,8.336784230777994e-05
DQN,55,early,925,925,0.09000000000000001,1.0,1.0,0.30283021926879883,0.00012678631173912436
DQN,55,early,926,926,0.09000000000000001,1.0,1.0,0.3154025375843048,8.063924906309694e-05
DQN,55,early,927,927,-0.22553783416748047,6.0,4.0,0.7378515601158142,0.0001508439806154153
DQN,55,early,928,928,0.09028269529342653,2.0,2.0,0.8457171320915222,0.00012111770774936303
DQN,55,early,929,929,-0.015102419257164004,5.0,3.0,0.24551524221897125,0.0001310777064645663
DQN,55,early,930,930,0.11304225206375124,2.0,2.0,0.5123941898345947,0.00015238857304211706
DQN,55,early,931,931,0.2855713534355164,2.0,2.0,0.7283674478530884,0.0001136514765676111
DQN,55,early,932,932,0.0008385920524597162,6.0,3.0,0.8303431272506714,0.00018138207087758929
DQN,55,early,933,933,-0.0473704719543457,4.0,2.0,0.7179052233695984,0.00013129093349562027
DQN,55,early,934,934,0.09000000000000001,1.0,1.0,0.193048357963562,0.00012795983639080077
DQN,55,early,935,935,0.0018809556961059543,5.0,3.0,0.5866774916648865,0.0002170388412196189
DQN,55,early,936,936,0.006196320056915297,5.0,4.0,0.8150008320808411,0.00021368975285440683
DQN,55,early,937,937,0.2586009669303894,2.0,2.0,0.7897958159446716,0.00012194620649097487
DQN,55,early,938,938,0.01020941317081453,2.0,2.0,0.13817231357097626,0.00010748309796326794
DQN,55,early,939,939,0.09000000000000001,1.0,1.0,0.9792194366455078,8.992967195808887e-05
DQN,55,early,940,940,0.2478058910369873,4.0,4.0,1.013256311416626,0.00020520166617643554
DQN,55,early,941,941,-0.029369905591011033,5.0,4.0,0.24781547486782074,0.0001733730285195634
DQN,55,early,942,942,0.25118971824645997,4.0,3.0,0.6981152892112732,0.00016173095355043188
DQN,55,early,943,943,0.09000000000000001,1.0,1.0,0.15708599984645844,0.0002684163919184357
DQN,55,early,944,944,0.09000000000000001,1.0,1.0,0.9265863299369812,0.00018789405294228345
DQN,55,early,945,945,0.00021811008453370695,2.0,2.0,0.4290488064289093,0.000213204555620905
DQN,55,early,946,946,-0.0041241478919982755,2.0,2.0,0.28970807790756226,0.00014659608859801665
DQN,55,early,947,947,-0.027707850337028495,4.0,3.0,0.27471691370010376,0.00019861033069901168
DQN,55,early,948,948,0.15905817031860353,2.0,2.0,0.8480920791625977,0.00011417812493164092
DQN,55,early,949,949,0.05239285707473756,2.0,2.0,0.8126591444015503,0.00013747528646490537
DQN,55,early,950,950,0.1638984251022339,2.0,2.0,0.7411502003669739,0.0002133183879777789
DQN,55,early,951,951,0.09000000000000001,1.0,1.0,1.0855897665023804,0.0002755858295131475
DQN,55,early,952,952,0.030440158843994147,3.0,3.0,0.5414291620254517,0.00019898571675488105
DQN,55,early,953,953,-0.1123486316204071,6.0,3.0,0.4121861755847931,0.00015498839760160385
DQN,55,early,954,954,0.24310298442840578,2.0,2.0,0.792824387550354,0.0001767578869475983
DQN,55,early,955,955,-0.017109613418579098,3.0,2.0,0.6765101552009583,0.00028778770501958206
DQN,55,early,956,956,0.11112601280212403,3.0,3.0,0.7330223917961121,0.00034252733166795224
DQN,55,early,957,957,0.08694143056869508,4.0,3.0,0.7248812913894653,0.00017547102834214456
DQN,55,early,958,958,0.1602534866333008,4.0,2.0,0.6998233199119568,0.00036664792423835024
DQN,55,early,959,959,0.23133609652519227,4.0,3.0,0.31351014971733093,0.00027526653866516426
DQN,55,early,960,960,0.07467786192893984,3.0,3.0,0.2905908226966858,0.00015543690339351693
DQN,55,early,961,961,0.0708851981163025,2.0,2.0,0.4579761326313019,0.000374685536371544
DQN,55,early,962,962,0.09000000000000001,1.0,1.0,0.42067816853523254,0.0002168881765101105
DQN,55,early,963,963,0.09000000000000001,1.0,1.0,0.2842048108577728,0.00021134872804395854
DQN,55,early,964,964,0.21809442520141603,2.0,2.0,0.8335387110710144,0.00018199969053966925
DQN,55,early,965,965,0.09000000000000001,1.0,1.0,0.10295391827821732,0.00014661354362033308
DQN,55,early,966,966,0.07464145302772524,2.0,2.0,0.23312793672084808,0.0002043557251454331
DQN,55,early,967,967,0.19405521631240846,2.0,2.0,0.7836213111877441,0.00018460516730556265
DQN,55,early,968,968,0.0996129083633423,2.0,2.0,0.5849443078041077,0.00014110371193964966
DQN,55,early,969,969,0.06833984375,3.0,2.0,0.5695029497146606,0.00014398496326369545
DQN,55,early,970,970,0.18566203832626343,3.0,3.0,0.8909956812858582,0.0002443437309314807
DQN,55,early,971,971,-0.08868555068969726,4.0,2.0,0.6292446851730347,0.0003115056206297595
DQN,55,early,972,972,0.1978388822078705,4.0,3.0,0.4962686002254486,0.0001479775964980945
DQN,55,early,973,973,0.10223669528961182,3.0,3.0,0.7752045392990112,0.00012457441092313579
DQN,55,early,974,974,-0.14853338956832884,6.0,3.0,0.5882826447486877,0.00021674427504573637
DQN,55,early,975,975,0.08426632165908815,2.0,2.0,0.8364351391792297,0.00018698235362535343
DQN,55,early,976,976,0.192491250038147,2.0,2.0,0.294631689786911,0.00016627347940811887
DQN,55,early,977,977,-0.015787286758422836,2.0,2.0,0.604950487613678,0.000164910736202728
DQN,55,early,978,978,0.2514805865287781,3.0,3.0,0.9682549834251404,0.00018914400910337767
DQN,55,early,979,979,0.28637189388275147,3.0,3.0,1.0741840600967407,0.00024263460848790905
DQN,55,early,980,980,0.09000000000000001,1.0,1.0,0.8976510167121887,0.00013162838877178729
DQN,55,early,981,981,0.20397233963012695,5.0,4.0,1.1433357000350952,0.00011261330946581438
DQN,55,early,982,982,-0.012344209551811203,2.0,2.0,0.3334828019142151,0.00012642858928302303
DQN,55,early,983,983,0.19617135047912598,3.0,3.0,0.5877981781959534,0.0002282130008097738
DQN,55,early,984,984,0.012731124162673954,3.0,2.0,0.45249247550964355,0.0001472894752320523
DQN,55,early,985,985,0.16134374022483827,7.0,3.0,0.481401652097702,0.00021607139413910254
DQN,55,early,986,986,0.09000000000000001,1.0,1.0,0.30773791670799255,0.0002711283159442246
DQN,55,early,987,987,0.09000000000000001,1.0,1.0,0.2384689599275589,0.00019784468167927116
DQN,55,early,988,988,-0.128972150683403,3.0,3.0,0.35152968764305115,0.00017912624268016467
DQN,55,early,989,989,-0.04315650463104247,5.0,4.0,0.720350444316864,0.00016907557437662035
DQN,55,early,990,990,0.09000000000000001,1.0,1.0,0.8408850431442261,0.00015950312081258744
DQN,55,early,991,991,0.09000000000000001,1.0,1.0,0.5897389650344849,8.843760588206351e-05
DQN,55,early,992,992,0.09000000000000001,1.0,1.0,1.0078970193862915,0.00021006845054216683
DQN,55,early,993,993,0.09000000000000001,1.0,1.0,0.9341593384742737,0.00014826409460511059
DQN,55,early,994,994,0.09000000000000001,1.0,1.0,0.4691200852394104,0.00015870013157837093
DQN,55,early,995,995,0.11568750619888307,2.0,2.0,0.915745198726654,9.610035340301692e-05
DQN,55,early,996,996,-0.018762465119361874,3.0,2.0,0.21639809012413025,0.00025236650253646076
DQN,55,early,997,997,0.1709716296195984,4.0,4.0,0.8154715299606323,0.00015105834245332517
DQN,55,early,998,998,0.09000000000000001,1.0,1.0,1.365947961807251,0.00019166164565831423
DQN,55,early,999,999,0.2740508484840393,2.0,2.0,0.5988557934761047,0.00010454937728354707
DQN,55,early,1000,1000,0.2728501653671265,4.0,3.0,0.32547348737716675,0.0001323941432929132
